num_d_valence_std,boiling_point_std,melting_point_std,covalent_radius_pyykko_double_std,B_electron_affinity,gs_est_bcc_latcnt_std,B_polarizability,lattice_constant_mean,atomic_number_mean,B_electron_negativity,num_d_unfilled_std,B_atomic_number,mendeleev_number_std,atomic_radius_range,lattice_constant_std,hhi_p_mean,num_unfilled_mean,gs_energy_std,covalent_radius_pyykko_double_mean,gs_est_bcc_latcnt_mean,lattice_constant_range,B_atomic_volume,bulk_modulus_mean,electron_negativity_std,covalent_radius_pyykko_triple_std,specific_heat_std,num_s_unfilled_std,num_d_valence_mean,num_valance_range,vdw_radius_uff_range,num_valance_mean,vdw_radius_uff_mean,electron_affinity_mean,num_d_unfilled_mean,density_mean,B_first_ion_en,bulk_modulus_std,electron_negativity_mean,bandgap_energy,tolerance_factor,octahedral_factor,r_A,r_B,radius_ratio,tolerance_deviation,A_electron_negativity,A_electron_affinity,A_atomic_number,A_num_d_valence,B_num_d_valence,A_first_ion_en,A_num_unfilled,A_num_d_unfilled,A_polarizability,B_num_unfilled,B_num_d_unfilled
0.8,1372.6592299125082,756.3194626611165,41.182520563948,0.079,0.8283531951513585,14.6,5.904000000000001,16.8,1.54,3.2,22.0,35.204545161101,68.7985796885917,1.505291998251502,1360.0,2.8,1.926638355259929,89.0,3.1762870428000003,3.88,10.6,82.15971934359035,1.0913917720049018,35.902089075707,0.3343075261185155,0.0,0.4,4.0,46.60000000000002,4.8,346.32,0.9020681,1.6,2.1054000000000004,6.828119999999998,13.99078328129213,2.5620000000000003,2.97,0.8711007382063196,1.0054621883076835,215.0,147.0,1.4625850340136055,0.1288992617936804,0.95,0.048,38.0,0.0,2.0,5.69485,0.0,0.0,27.6,8.0,8.0
3.5496478698597698,1606.1964738673785,657.6796913391807,34.16489426297117,1.1955,0.6136962529224866,6.5,5.561000000000001,21.9,1.905,3.5496478698597698,28.5,26.990553903171385,63.0,1.5554320943069166,2460.0,3.3,0.4288875676248989,83.6,2.9725313201000003,3.31,6.85,83.26362451031336,0.982723257076986,36.53505166275258,0.3854075023869492,0.3,2.0,8.0,68.80000000000001,6.3,343.73,1.2097681,2.0,3.7056,7.683090000000001,43.58034540673539,2.665,2.47,0.8655685320585051,0.8618247328351574,187.0,126.0,1.4841269841269842,0.1344314679414948,1.1,0.47,57.0,1.0,9.0,5.5769,9.0,9.0,31.1,1.5,1.0
0.955813918560292,1904.2059694849768,1004.6626385232232,51.30518708885313,0.446642,0.8974973762582805,22.77,5.63,22.22222222222222,1.1766666666666667,3.359159212851328,47.0,38.7855770571268,88.7985796885917,1.4234855500183734,1900.0,3.111111111111111,2.905498101977368,100.33333333333331,3.312005282666667,3.52,19.03333333333333,68.65891158362349,1.181572503169786,37.33620562437565,0.3859420876963733,0.415739709641549,0.4444444444444444,18.0,82.89999999999998,6.0,344.29999999999995,1.0163292777777777,1.7777777777777777,3.375111111111111,6.0885153333333335,55.14378378493444,2.3944444444444444,2.0,0.8383234043743885,1.19925875521506,235.0,175.33333333333331,1.340304182509506,0.1616765956256115,0.82,0.50147,19.0,0.0,1.3333333333333333,4.3406633,1.0,0.0,43.06,5.666666666666666,5.333333333333333
1.1661903789690602,2353.1626653540125,1249.7166215842692,36.2579646422686,-0.8259999999999998,0.5154317793761144,5.1,4.3936,30.4,2.5266666666666664,3.9698866482558417,29.0,28.96480623101076,95.0,1.2470715456620765,2980.0,4.8,2.6095063885729006,88.4,3.2633924932,3.52,15.166666666666666,83.76716132118807,0.937861397009174,37.44542695710653,0.3641876170225074,0.0,0.8,16.0,49.0,7.6,350.24,-0.1093772999999999,3.2,5.1138,12.205923333333333,60.12138130488718,2.4240000000000004,2.0,0.9160485331609785,0.7592265503547815,187.0,111.0,1.6846846846846846,0.0839514668390216,1.1,0.47,57.0,1.0,1.0,5.5769,9.0,9.0,31.1,4.333333333333333,2.333333333333333
2.04939015319192,1620.49042399639,898.4461094578795,42.66333320311482,0.534203,0.9392904359135316,12.05,5.718999999999999,22.7,1.715,2.04939015319192,33.5,34.89641815430346,96.0,1.495041470996708,1990.0,2.3,2.365626671390252,89.8,3.193498191,3.96,8.95,81.58362451031337,1.080391132877348,39.44667286350016,0.3998740267159226,0.3,1.0,6.0,79.10000000000002,5.3,344.83,1.0124327,1.0,3.0338000000000003,7.330624999999999,51.16465463701495,2.585,2.29,0.922595360637842,0.930223521155408,222.0,136.0,1.6323529411764706,0.0774046393621579,0.89,0.14462,56.0,0.0,5.0,5.211664,0.0,0.0,39.7,5.5,5.0
4.688239737549126,1370.5048057134543,683.219811530189,38.45166592288165,2.1404971000000006,0.6485652470386136,9.375,5.972142857142857,33.714285714285715,2.28,1.5452362609131385,38.0,12.759350312933778,24.0,1.1798679016339595,2642.8571428571427,2.571428571428572,1.7099948623412824,89.57142857142857,3.1720682687857145,3.53,17.15,64.62488048601273,0.7126495546586008,37.58609165255528,0.4490741821013864,0.2575393768188564,3.857142857142857,24.0,120.5,13.285714285714286,377.38571428571424,1.4099535857142858,0.4285714285714285,4.276428571428571,9.286325,38.3735336079913,2.8685714285714288,2.44,0.7503485571525257,1.0381407632412487,170.0,151.77765406904,1.120059478074889,0.2496514428474743,2.02,0.942362,83.0,10.0,7.0,7.2855,3.0,0.0,7.4,4.0,3.0
1.6,1910.5260085808827,1051.9650366813528,54.4,0.917406,1.0214649173545167,15.7,5.804,16.8,1.6,2.4,41.0,36.66278767360715,89.0,1.396962418964805,2340.0,2.8,2.874231136346179,97.8,3.2947558844,3.53,10.8,80.28362451031337,1.1199714282069877,36.68490614726288,0.3180244924976511,0.4898979485566356,0.8,5.0,64.69999999999999,4.8,349.54,1.1604433,1.2,2.5746,6.75885,53.02583622963272,2.548,3.98,0.92248048970081,0.9986223094756584,235.0,146.0,1.6095890410958904,0.07751951029919,0.82,0.50147,19.0,0.0,4.0,4.3406633,1.0,0.0,43.06,7.0,6.0
1.939071942966532,1638.6911470758548,792.4125573692484,37.941981358589146,0.6174999999999999,0.6162300634527129,11.941698249999998,5.678,21.183333333333334,1.715,3.167272178828866,29.0,30.95569317578439,68.7985796885917,1.528667846386592,2220.0,3.096014492753623,1.886431360039993,88.4,3.0679481612000004,3.88,11.4,81.54950871303204,1.015543530010622,35.19884256049194,0.3687216896792682,0.2332741326930919,1.0,7.0,64.44999999999999,5.641333333333334,342.636,1.0772770555555555,1.6,3.2771241379310347,7.417535,44.89820797528118,2.572,2.86,,,,,,,,,,,,,,,,,
1.939071942966532,1638.6911470758548,792.4125573692484,37.941981358589146,0.6174999999999999,0.6162300634527129,11.941698249999998,5.678,21.183333333333334,1.715,3.167272178828866,29.0,30.95569317578439,68.7985796885917,1.528667846386592,2220.0,3.096014492753623,1.886431360039993,88.4,3.0679481612000004,3.88,11.4,81.54950871303204,1.015543530010622,35.19884256049194,0.3687216896792682,0.2332741326930919,1.0,7.0,64.44999999999999,5.641333333333334,342.636,1.0772770555555555,1.6,3.2771241379310347,7.417535,44.89820797528118,2.572,3.05,,,,,,,,,,,,,,,,,
1.939071942966532,1638.6911470758548,792.4125573692484,37.941981358589146,0.6174999999999999,0.6162300634527129,11.941698249999998,5.678,21.183333333333334,1.715,3.167272178828866,29.0,30.95569317578439,68.7985796885917,1.528667846386592,2220.0,3.096014492753623,1.886431360039993,88.4,3.0679481612000004,3.88,11.4,81.54950871303204,1.015543530010622,35.19884256049194,0.3687216896792682,0.2332741326930919,1.0,7.0,64.44999999999999,5.641333333333334,342.636,1.0772770555555555,1.6,3.2771241379310347,7.417535,44.89820797528118,2.572,2.9,,,,,,,,,,,,,,,,,
0.8,1372.6592299125082,756.3194626611165,41.182520563948,0.079,0.8283531951513585,14.6,5.904000000000001,16.8,1.54,3.2,22.0,35.204545161101,68.7985796885917,1.505291998251502,1360.0,2.8,1.926638355259929,89.0,3.1762870428000003,3.88,10.6,82.15971934359035,1.0913917720049018,35.902089075707,0.3343075261185155,0.0,0.4,4.0,46.60000000000002,4.8,346.32,0.9020681,1.6,2.1054000000000004,6.828119999999998,13.99078328129213,2.5620000000000003,3.31,0.8711007382063196,1.0054621883076835,215.0,147.0,1.4625850340136055,0.1288992617936804,0.95,0.048,38.0,0.0,2.0,5.69485,0.0,0.0,27.6,8.0,8.0
1.939071942966532,1638.6911470758548,792.4125573692484,37.941981358589146,0.6174999999999999,0.6162300634527129,11.941698249999998,5.678,21.183333333333334,1.715,3.167272178828866,29.0,30.95569317578439,68.7985796885917,1.528667846386592,2220.0,3.096014492753623,1.886431360039993,88.4,3.0679481612000004,3.88,11.4,81.54950871303204,1.015543530010622,35.19884256049194,0.3687216896792682,0.2332741326930919,1.0,7.0,64.44999999999999,5.641333333333334,342.636,1.0772770555555555,1.6,3.2771241379310347,7.417535,44.89820797528118,2.572,3.08,,,,,,,,,,,,,,,,,
1.939071942966532,1638.6911470758548,792.4125573692484,37.941981358589146,0.6174999999999999,0.6162300634527129,11.941698249999998,5.678,21.183333333333334,1.715,3.167272178828866,29.0,30.95569317578439,68.7985796885917,1.528667846386592,2220.0,3.096014492753623,1.886431360039993,88.4,3.0679481612000004,3.88,11.4,81.54950871303204,1.015543530010622,35.19884256049194,0.3687216896792682,0.2332741326930919,1.0,7.0,64.44999999999999,5.641333333333334,342.636,1.0772770555555555,1.6,3.2771241379310347,7.417535,44.89820797528118,2.572,2.92,,,,,,,,,,,,,,,,,
1.939071942966532,1638.6911470758548,792.4125573692484,37.941981358589146,0.6174999999999999,0.6162300634527129,11.941698249999998,5.678,21.183333333333334,1.715,3.167272178828866,29.0,30.95569317578439,68.7985796885917,1.528667846386592,2220.0,3.096014492753623,1.886431360039993,88.4,3.0679481612000004,3.88,11.4,81.54950871303204,1.015543530010622,35.19884256049194,0.3687216896792682,0.2332741326930919,1.0,7.0,64.44999999999999,5.641333333333334,342.636,1.0772770555555555,1.6,3.2771241379310347,7.417535,44.89820797528118,2.572,2.76,,,,,,,,,,,,,,,,,
2.04939015319192,1620.49042399639,898.4461094578795,42.66333320311482,0.534203,0.9392904359135316,12.05,5.718999999999999,22.7,1.715,2.04939015319192,33.5,34.89641815430346,96.0,1.495041470996708,1990.0,2.3,2.365626671390252,89.8,3.193498191,3.96,8.95,81.58362451031337,1.080391132877348,39.44667286350016,0.3998740267159226,0.3,1.0,6.0,79.10000000000002,5.3,344.83,1.0124327,1.0,3.0338000000000003,7.330624999999999,51.16465463701495,2.585,2.29,0.922595360637842,0.930223521155408,222.0,136.0,1.6323529411764706,0.0774046393621579,0.89,0.14462,56.0,0.0,5.0,5.211664,0.0,0.0,39.7,5.5,5.0
2.635667953694125,1585.4557134434149,700.7372866146563,35.928429843313744,1.1963841463299754,0.5841766736277851,9.865,5.743076923076923,21.384615384615383,1.8375,3.932868624973605,27.0,26.89977013165901,60.0,2.18025187188363,2084.6153846153848,3.8461538461538463,1.6180028249596436,88.38461538461539,3.104459456076923,7.52,12.45,66.03402199643507,0.9810777795197768,33.65386574804104,0.3656956573396568,0.0,1.2307692307692308,9.0,118.7,5.6923076923076925,344.4384615384616,1.2271793142553769,2.6153846153846154,3.0879230769230768,8.2525175,29.677496504740937,2.5869230769230764,2.28,0.8125808921720107,0.983232582103602,187.0,143.75,1.3008695652173914,0.1874191078279893,1.1,0.47,57.0,1.0,3.5,5.5769,9.0,9.0,31.1,4.5,4.0
0.7820295697311479,1710.7940638822884,759.1875296156853,34.792418666919595,0.079,0.5953076395938958,14.6,5.564545454545455,19.454545454545453,1.54,4.09998992137443,22.0,28.89593754512164,40.7985796885917,1.6913274164844805,2245.454545454545,4.363636363636363,1.151350845955284,82.81818181818181,3.0222515275454542,3.88,10.6,73.5220259957869,1.028409668508125,35.17817693160641,0.3596538708185217,0.0,0.5454545454545454,3.0,34.69999999999999,5.090909090909091,344.4909090909091,1.0296176818181817,3.090909090909091,2.674818181818181,6.828119999999998,24.959120770158155,2.6690909090909085,3.94,0.8035738147275899,1.0054621883076835,187.0,147.0,1.272108843537415,0.19642618527241,1.1,0.47,57.0,1.0,2.0,5.5769,9.0,9.0,31.1,8.0,8.0
2.35796522451032,1684.0720580378977,742.9517262918232,34.353456885734225,0.6174999999999999,0.6150879387294254,10.7,5.495000000000001,21.2,1.725,3.893584466786357,25.0,28.39718295887816,63.0,1.6480609818814351,2410.0,4.0,0.8983769560668411,83.8,3.0137141835000003,3.88,8.6,80.26362451031336,1.0161146588845178,35.43797398272085,0.3736774708082107,0.0,1.2,7.0,68.80000000000001,5.6,340.53000000000003,1.0941681,2.8,3.2636000000000003,7.23396,40.494792910104415,2.629,3.1,0.8363784021490934,0.9268035817393954,187.0,135.5,1.3800738007380071,0.1636215978509065,1.1,0.47,57.0,1.0,5.0,5.5769,9.0,9.0,31.1,5.0,5.0
2.718042512920064,1696.4636329200837,671.8828080514503,36.25983328979991,1.156,0.6972424097037353,6.8,5.477142857142858,24.857142857142858,1.91,3.943478211954932,28.0,29.94143944299217,63.0,1.5637565967494913,3142.8571428571427,4.0,0.2669738536842893,86.71428571428571,3.0936507342857142,3.31,6.6,77.20345191458416,1.0544424970532231,38.13830898512542,0.4032012675579114,0.0,1.4285714285714286,7.0,68.80000000000001,5.714285714285714,341.11428571428576,1.134350571428571,2.857142857142857,3.685428571428572,7.6398,46.925331116988254,2.552857142857143,2.2,0.8719753713050267,0.8481449751711072,187.0,124.0,1.5080645161290325,0.1280246286949733,1.1,0.47,57.0,1.0,8.0,5.5769,9.0,9.0,31.1,2.0,2.0
1.939071942966532,1638.6911470758548,792.4125573692484,37.941981358589146,0.6174999999999999,0.6162300634527129,11.941698249999998,5.678,21.183333333333334,1.715,3.167272178828866,29.0,30.95569317578439,68.7985796885917,1.528667846386592,2220.0,3.096014492753623,1.886431360039993,88.4,3.0679481612000004,3.88,11.4,81.54950871303204,1.015543530010622,35.19884256049194,0.3687216896792682,0.2332741326930919,1.0,7.0,64.44999999999999,5.641333333333334,342.636,1.0772770555555555,1.6,3.2771241379310347,7.417535,44.89820797528118,2.572,2.63,,,,,,,,,,,,,,,,,
3.391164991562634,1914.644446959653,1032.53726662751,33.7893627227586,0.8766032500000001,0.4509550775634311,11.941698249999998,5.740625,23.0,1.7500000000000002,2.341874249399399,31.0,18.72998932194036,96.0,1.477965107631097,2464.7226335126647,3.125,2.2432092325704764,82.90124578825127,2.892155108375,3.53,11.625000000000002,88.74125300196378,0.7549244581413428,34.2400865175659,0.3992916009028098,0.4330127018922193,2.0,27.0,141.09999999999997,8.25,349.84375,1.176939645,1.125,3.748175,8.46874825,40.37274284711077,2.87875,2.58,0.8245508488290795,0.8840543390392388,175.0,129.25,1.3539651837524178,0.1754491511709205,2.33,0.35674316,82.0,10.0,3.0,7.41663,4.0,0.0,6.98,5.5,4.5
4.0,1065.544837096966,376.658115537154,44.450421820270726,1.112067,0.9852873703382518,6.28,6.266,26.0,1.96,0.0,50.0,33.72832637413247,75.7985796885917,0.7356249044180058,1420.0,2.0,1.0978777255869612,92.4,3.3948842468,1.8100000000000005,16.3,59.18362451031337,1.043524796063802,43.20185181216194,0.4273877479376773,0.0,2.0,12.0,89.19999999999999,6.8,371.9,1.1280055,0.0,2.8514,7.34392,25.764476749723723,2.6340000000000003,2.9,0.8447648323023568,1.1080603707880594,222.0,162.0,1.3703703703703705,0.1552351676976432,0.89,0.14462,56.0,0.0,10.0,5.211664,0.0,0.0,39.7,4.0,0.0
4.841229182759271,1147.4259767627714,514.8737295140916,43.38472513454476,1.238689,0.817613450808037,6.613333333333333,5.7925,29.0,1.94,0.0,48.0,28.039871165895185,78.0,1.156511456925525,1250.0,1.75,1.0810586712747865,99.625,3.2497845041250004,2.74,12.3,71.50302042526114,0.9381023065209892,43.1028928843529,0.4287901381865439,0.4330127018922193,3.75,12.0,124.39999999999998,7.75,354.8875,1.213142625,0.0,4.55075,7.498793333333333,26.74701473128116,2.55875,1.98,0.8789887667351175,1.0259818248037589,222.0,150.0,1.48,0.1210112332648825,0.89,0.14462,56.0,0.0,10.0,5.211664,0.0,0.0,39.7,2.0,0.0
4.841229182759271,1147.4259767627714,514.8737295140916,43.38472513454476,1.238689,0.817613450808037,6.613333333333333,5.7925,29.0,1.94,0.0,48.0,28.039871165895185,78.0,1.156511456925525,1250.0,1.75,1.0810586712747865,99.625,3.2497845041250004,2.74,12.3,71.50302042526114,0.9381023065209892,43.1028928843529,0.4287901381865439,0.4330127018922193,3.75,12.0,124.39999999999998,7.75,354.8875,1.213142625,0.0,4.55075,7.498793333333333,26.74701473128116,2.55875,2.1,0.8789887667351175,1.0259818248037589,222.0,150.0,1.48,0.1210112332648825,0.89,0.14462,56.0,0.0,10.0,5.211664,0.0,0.0,39.7,2.0,0.0
4.841229182759271,1147.4259767627714,514.8737295140916,43.38472513454476,1.238689,0.817613450808037,6.613333333333333,5.7925,29.0,1.94,0.0,48.0,28.039871165895185,78.0,1.156511456925525,1250.0,1.75,1.0810586712747865,99.625,3.2497845041250004,2.74,12.3,71.50302042526114,0.9381023065209892,43.1028928843529,0.4287901381865439,0.4330127018922193,3.75,12.0,124.39999999999998,7.75,354.8875,1.213142625,0.0,4.55075,7.498793333333333,26.74701473128116,2.55875,2.0,0.8789887667351175,1.0259818248037589,222.0,150.0,1.48,0.1210112332648825,0.89,0.14462,56.0,0.0,10.0,5.211664,0.0,0.0,39.7,2.0,0.0
4.841229182759271,1147.4259767627714,514.8737295140916,43.38472513454476,1.238689,0.817613450808037,6.613333333333333,5.7925,29.0,1.94,0.0,48.0,28.039871165895185,78.0,1.156511456925525,1250.0,1.75,1.0810586712747865,99.625,3.2497845041250004,2.74,12.3,71.50302042526114,0.9381023065209892,43.1028928843529,0.4287901381865439,0.4330127018922193,3.75,12.0,124.39999999999998,7.75,354.8875,1.213142625,0.0,4.55075,7.498793333333333,26.74701473128116,2.55875,1.97,0.8789887667351175,1.0259818248037589,222.0,150.0,1.48,0.1210112332648825,0.89,0.14462,56.0,0.0,10.0,5.211664,0.0,0.0,39.7,2.0,0.0
0.8,1381.3662807032752,764.4596062579108,37.94733192202055,0.079,0.6229145981320804,14.6,5.804,13.2,1.54,3.2,22.0,34.87119154832539,50.7985796885917,1.5068855298263368,1300.0,2.8,1.8433444681178404,87.0,3.0679481612000004,3.88,10.6,71.06362451031336,1.0767060880295978,34.0,0.2441176661712935,0.0,0.4,4.0,32.5,4.8,341.48,0.8973780999999998,1.6,1.9074,6.828119999999998,30.050606380271407,2.572,3.5,0.8276905731128505,1.0054621883076835,197.0,147.0,1.3401360544217686,0.1723094268871494,1.0,0.02455,20.0,0.0,2.0,6.11316,0.0,0.0,25.0,8.0,8.0
0.854128795908439,1380.2802263395647,763.7028160135591,37.94580340432918,0.08478,0.6229502039812794,14.558,5.80466,13.207,1.5418,3.1939843456097274,22.035,34.863656707235975,69.0,1.5057794939498943,1300.5,2.793,1.8412748524171985,86.998,3.067536332566,3.88,10.5825,71.09362451031336,1.076421121308942,34.0119957661999,0.244359858405558,0.0316069612585582,0.408,9.0,32.5,4.807,341.512,0.8985340999999998,1.592,1.91182,6.832611299999999,30.10438882208689,2.57236,3.5,0.82795883951371,1.004812399818641,197.0,146.90499999999997,1.3410026888124982,0.17204116048629,1.0,0.02455,20.0,0.0,2.04,6.11316,0.0,0.0,25.0,7.965,7.96
0.9049552475122732,1379.1929408839069,762.9448396182781,37.94427471964645,0.09056,0.6229855355535445,14.515999999999998,5.80532,13.214,1.5436,3.187937264125504,22.07,34.85610758532857,69.0,1.504672355564493,1301.0,2.786,1.83919379215532,86.996,3.0671245039320008,3.88,10.565,71.12362451031336,1.0761359586966697,34.02398307076936,0.2446017329763827,0.0446766158073773,0.416,9.0,32.5,4.814,341.544,0.8996900999999999,1.584,1.91624,6.837102599999998,30.15804550830128,2.57272,3.5,0.8282272798689364,1.0041626113295987,197.0,146.81,1.341870444792589,0.1717727201310636,1.0,0.02455,20.0,0.0,2.08,6.11316,0.0,0.0,25.0,7.93,7.92
0.9530078698520806,1378.1044214224114,762.1856735332672,37.94274586795216,0.09634,0.6230205928955382,14.474,5.805980000000001,13.221,1.5454,3.181858576366963,22.105,34.84854417332237,69.0,1.5035641122346597,1301.5,2.779,1.8371012484391591,86.994,3.0667126752980005,3.88,10.5475,71.15362451031338,1.0758506000370127,34.035961922648816,0.2448432908252028,0.0546900356555012,0.424,9.0,32.5,4.821,341.576,0.9008461,1.576,1.9206600000000005,6.841593899999999,30.211577108952,2.57308,3.5,0.828495894347783,1.0035128228405563,197.0,146.71499999999995,1.3427393245407766,0.1715041056522169,1.0,0.02455,20.0,0.0,2.12,6.11316,0.0,0.0,25.0,7.895,7.88
0.9986871381969432,1377.0146650286626,761.4253142000468,37.94121684922612,0.10212,0.6230553760535509,14.432,5.80664,13.228,1.5472,3.175748100841753,22.14,34.840966461910895,69.0,1.502454761515301,1302.0,2.772,1.8349971819831568,86.99199999999999,3.0663008466640003,3.88,10.53,71.18362451031336,1.075565045173931,34.04793233075982,0.245084532888512,0.063118935352238,0.432,9.0,32.5,4.828,341.608,0.9020021,1.568,1.92508,6.846085199999998,30.26498428777939,2.57344,3.5,0.8287646831197222,1.002863034351514,197.0,146.62,1.3436093302414405,0.1712353168802778,1.0,0.02455,20.0,0.0,2.16,6.11316,0.0,0.0,25.0,7.859999999999999,7.84
0.9986871381969432,1377.0146650286626,761.4253142000468,37.94121684922612,0.10212,0.6230553760535509,14.432,5.80664,13.228,1.5472,3.175748100841753,22.14,34.840966461910895,69.0,1.502454761515301,1302.0,2.772,1.8349971819831568,86.99199999999999,3.0663008466640003,3.88,10.53,71.18362451031336,1.075565045173931,34.04793233075982,0.245084532888512,0.063118935352238,0.432,9.0,32.5,4.828,341.608,0.9020021,1.568,1.92508,6.846085199999998,30.26498428777939,2.57344,3.5,0.8287646831197222,1.002863034351514,197.0,146.62,1.3436093302414405,0.1712353168802778,1.0,0.02455,20.0,0.0,2.16,6.11316,0.0,0.0,25.0,7.859999999999999,7.84
1.0047885349664378,1400.9530896443323,765.5134645452032,40.58681559324408,0.1679090909090909,0.8113678238217783,15.827272727272726,5.856000000000002,17.220000000000006,1.510909090909091,3.26827171453048,25.36363636363636,34.61967070900589,85.0,1.5375773151292265,1506.0000000000002,2.9400000000000004,1.945422293722761,88.52000000000002,3.156762691840001,3.95,11.375454545454543,82.27010986026266,1.0850194652631815,35.8342015398697,0.3384179490512756,0.14,0.4800000000000001,4.0,61.80000000000001,4.860000000000001,345.7780000000001,0.9222481,1.7200000000000002,2.2304000000000004,6.708771818181816,18.92622889838998,2.567400000000001,2.31,0.8649326387629653,1.0197637531382813,215.0,149.0909090909091,1.4420731707317076,0.1350673612370346,0.95,0.048,38.0,0.0,2.1818181818181817,5.69485,0.0,0.0,27.6,7.909090909090908,7.818181818181818
1.0047885349664376,1408.2745809621078,772.6538891379503,37.62341823917652,0.1679090909090909,0.6222819962737445,15.827272727272726,5.766,13.98,1.510909090909091,3.26827171453048,25.36363636363636,34.31221939775974,67.0,1.5364647734328307,1452.0,2.94,1.868902249616156,86.72,3.0592576984,3.95,11.375454545454543,72.28362451031337,1.071691672077375,34.1224207816503,0.2614837774428181,0.1399999999999999,0.4800000000000001,4.0,49.89999999999998,4.860000000000001,341.422,0.9180271,1.72,2.0522,6.708771818181816,31.74988661423603,2.5764,2.49,0.8218298528317506,1.0197637531382813,197.0,149.0909090909091,1.3213414634146343,0.1781701471682494,1.0,0.02455,20.0,0.0,2.1818181818181817,6.11316,0.0,0.0,25.0,7.909090909090908,7.818181818181818
1.0047885349664376,1421.4145700195984,761.8295139990312,41.81222787654348,0.1679090909090909,0.9050747270401504,15.827272727272726,5.6652000000000005,20.46,1.510909090909091,3.26827171453048,25.36363636363636,34.9286415424362,92.0,1.5634925519490013,1290.0,2.94,1.8759488373361173,89.24000000000001,3.20355271606,3.95,11.375454545454543,70.95162451031337,1.1012422258522416,38.82383288651444,0.3691004454325126,0.1399999999999999,0.4800000000000001,4.0,68.0,4.860000000000001,346.894,0.9396397,1.72,2.4032,6.708771818181816,34.10884711790064,2.5566,2.52,0.8816948332917711,1.0197637531382813,222.0,149.0909090909091,1.4890243902439029,0.1183051667082288,0.89,0.14462,56.0,0.0,2.1818181818181817,5.211664,0.0,0.0,39.7,7.909090909090908,7.818181818181818
1.5612494995995996,1879.4356152575267,1034.715840747473,44.48876262608346,0.5602636000000001,0.7734070825056667,19.42,5.911875,16.375,1.36,2.341874249399399,32.599999999999994,34.81328544894894,89.0,1.359697662855607,2500.0,2.625,2.642998013920783,89.5,3.1231469345625,3.53,18.44,81.76002553157642,1.0704372646260032,35.41870590888334,0.3190097961157928,0.4330127018922193,0.75,5.0,64.69999999999999,5.0,344.40625,1.1196201874999998,1.125,2.57225,6.500573999999999,48.8963675418668,2.62625,3.35,0.8622805009382836,1.1381558376489698,235.0,166.4,1.4122596153846154,0.1377194990617164,0.82,0.50147,19.0,0.0,2.4,4.3406633,1.0,0.0,43.06,4.2,3.6
2.593915006650834,1777.2892622722522,978.5611673791624,43.75760956749955,1.0612649407599857,0.7438433728735271,15.337142857142856,6.002222222222223,18.11111111111111,1.5814285714285714,2.23606797749979,32.42857142857142,33.090784215548595,108.0,1.8074830737045355,2355.555555555556,2.4444444444444446,2.6909712846674414,92.77777777777776,3.171308726611111,7.49,17.257142857142856,75.43668936140126,1.0316774366696857,34.24793609880652,0.3332114387756689,0.415739709641549,1.2222222222222223,11.0,118.7,5.444444444444445,344.3777777777778,1.25230331029555,1.0,2.882,7.408099999999999,49.77711472535443,2.5716666666666663,2.25,0.8831875979643481,1.0875407342919845,235.0,159.0,1.4779874213836477,0.1168124020356519,0.82,0.50147,19.0,0.0,3.1428571428571423,4.3406633,1.0,0.0,43.06,3.2857142857142856,2.571428571428571
2.943606621917802,1774.369550458364,980.4699395325028,42.63008444423952,1.0731068231649874,0.7302916287584605,14.27,5.871578947368421,18.63157894736842,1.6225,2.18785365166595,31.875,32.28045385106945,111.0,1.844523225112072,2284.2105263157896,2.421052631578948,2.623484313565198,93.21052631578948,3.1487697378421053,7.49,15.925,80.94002150027488,1.0149724011367265,33.58666000597998,0.3346359785099912,0.4076824574955175,1.5789473684210529,11.0,120.10000000000002,5.684210526315789,341.16842105263163,1.2472347150168368,1.0526315789473684,3.198842105263158,7.437062500000001,53.78208467636559,2.5368421052631573,2.25,0.8960320340916476,1.0576162644018745,235.0,154.625,1.5198059822150365,0.1039679659083524,0.82,0.50147,19.0,0.0,3.75,4.3406633,1.0,0.0,43.06,3.125,2.5
2.943606621917802,1774.369550458364,980.4699395325028,42.63008444423952,1.0731068231649874,0.7302916287584605,14.27,5.871578947368421,18.63157894736842,1.6225,2.18785365166595,31.875,32.28045385106945,111.0,1.844523225112072,2284.2105263157896,2.421052631578948,2.623484313565198,93.21052631578948,3.1487697378421053,7.49,15.925,80.94002150027488,1.0149724011367265,33.58666000597998,0.3346359785099912,0.4076824574955175,1.5789473684210529,11.0,120.10000000000002,5.684210526315789,341.16842105263163,1.2472347150168368,1.0526315789473684,3.198842105263158,7.437062500000001,53.78208467636559,2.5368421052631573,2.25,0.8960320340916476,1.0576162644018745,235.0,154.625,1.5198059822150365,0.1039679659083524,0.82,0.50147,19.0,0.0,3.75,4.3406633,1.0,0.0,43.06,3.125,2.5
2.943606621917802,1774.369550458364,980.4699395325028,42.63008444423952,1.0731068231649874,0.7302916287584605,14.27,5.871578947368421,18.63157894736842,1.6225,2.18785365166595,31.875,32.28045385106945,111.0,1.844523225112072,2284.2105263157896,2.421052631578948,2.623484313565198,93.21052631578948,3.1487697378421053,7.49,15.925,80.94002150027488,1.0149724011367265,33.58666000597998,0.3346359785099912,0.4076824574955175,1.5789473684210529,11.0,120.10000000000002,5.684210526315789,341.16842105263163,1.2472347150168368,1.0526315789473684,3.198842105263158,7.437062500000001,53.78208467636559,2.5368421052631573,2.25,0.8960320340916476,1.0576162644018745,235.0,154.625,1.5198059822150365,0.1039679659083524,0.82,0.50147,19.0,0.0,3.75,4.3406633,1.0,0.0,43.06,3.125,2.5
2.943606621917802,1774.369550458364,980.4699395325028,42.63008444423952,1.0731068231649874,0.7302916287584605,14.27,5.871578947368421,18.63157894736842,1.6225,2.18785365166595,31.875,32.28045385106945,111.0,1.844523225112072,2284.2105263157896,2.421052631578948,2.623484313565198,93.21052631578948,3.1487697378421053,7.49,15.925,80.94002150027488,1.0149724011367265,33.58666000597998,0.3346359785099912,0.4076824574955175,1.5789473684210529,11.0,120.10000000000002,5.684210526315789,341.16842105263163,1.2472347150168368,1.0526315789473684,3.198842105263158,7.437062500000001,53.78208467636559,2.5368421052631573,2.25,0.8960320340916476,1.0576162644018745,235.0,154.625,1.5198059822150365,0.1039679659083524,0.82,0.50147,19.0,0.0,3.75,4.3406633,1.0,0.0,43.06,3.125,2.5
3.651483716701108,1327.4366912958365,694.2757797398187,36.652933034069726,0.510681,0.5788182603286091,11.0,5.784583333333334,23.33333333333333,1.78,2.98142396999972,52.5,23.42003979264102,50.7985796885917,1.4840288046583043,1541.6666666666667,3.083333333333333,1.372604763104966,84.75,3.0302773103750003,3.88,15.95,71.77460886490975,0.8699281579532875,34.73910700572995,0.3721237168232449,0.0,2.0,27.0,119.5,9.333333333333334,358.6625,1.0844458541666666,1.3333333333333333,3.1638749999999995,7.056809999999999,25.639060649769743,2.785,3.36,0.7964519868894262,1.0841207948759717,197.0,158.5,1.2429022082018928,0.2035480131105738,1.0,0.02455,20.0,0.0,6.0,6.11316,0.0,0.0,25.0,5.5,4.0
3.957236690194589,1334.1928364947823,682.718112936643,35.87391113330131,0.510681,0.549331433753269,11.0,5.758333333333333,25.916666666666668,1.78,2.98142396999972,52.5,18.25052320406794,28.7985796885917,1.492960332880802,1491.6666666666667,3.25,1.252077921963478,84.25,3.0137608750833333,3.88,15.95,72.9829421982431,0.7934548882716788,35.00555511470842,0.3932740882218772,0.0,2.4166666666666665,25.0,119.5,10.416666666666666,362.4041666666667,1.098287235833333,1.3333333333333333,3.5722083333333328,7.056809999999999,23.63410791211002,2.8404166666666666,3.02,0.7453975836306383,1.0841207948759717,175.0,158.5,1.1041009463722398,0.2546024163693616,2.33,0.35674316,82.0,10.0,6.0,7.41663,4.0,0.0,6.98,5.5,4.0
3.5456210417116734,1720.1172515275086,929.9645253273628,38.14606728064627,0.929884,0.6012761434822514,11.55,5.939285714285714,24.285714285714285,1.81,2.099562636671296,62.0,25.502000721832133,51.0,1.3101224822005564,2571.428571428572,2.7142857142857144,2.1253147515545434,85.14285714285714,3.0435353356428574,3.53,16.05,78.85388340390718,0.8873395227146307,35.86425655104513,0.3966767969611658,0.3499271061118826,2.0,27.0,120.5,8.857142857142858,356.9214285714285,1.2067219642857143,0.8571428571428571,3.4660714285714285,7.022175,42.332928837282935,2.8000000000000003,3.18,0.7977610734579145,1.080700855459959,197.0,158.0,1.2468354430379749,0.2022389265420855,1.0,0.02455,20.0,0.0,7.0,6.11316,0.0,0.0,25.0,5.0,3.0
4.043134770881402,1727.616133378209,918.4811620625518,36.85963446727632,0.929884,0.552198403460734,11.55,5.894285714285714,28.714285714285715,1.81,2.099562636671296,62.0,16.691223405595835,29.0,1.3323218952839668,2485.714285714286,3.0,1.9804013265857443,84.28571428571429,3.0152214465714287,3.53,16.05,80.92531197533575,0.7501309409505973,36.3031454194666,0.4285544157308353,0.3499271061118826,2.7142857142857144,24.0,120.5,10.714285714285714,363.3357142857143,1.2304500471428572,0.8571428571428571,4.166071428571429,7.022175,39.89493293031121,2.895,2.88,0.746622754740733,1.080700855459959,175.0,158.0,1.1075949367088609,0.2533772452592669,2.33,0.35674316,82.0,10.0,7.0,7.41663,4.0,0.0,6.98,5.0,3.0
1.574378624762894,1955.873362180859,1050.172377109644,40.706149839495545,0.6048086,0.6795503905682413,20.03,5.87483870967742,17.483870967741936,1.37,2.733763914546878,36.3,32.3823412522008,89.0,1.4280256412438637,2706.451612903226,2.967741935483871,2.5074952884320454,85.90322580645162,3.052893443032258,3.53,17.7,84.65228441969178,1.031312066526905,34.76331986712876,0.3423408489363794,0.4181123031230877,0.8064516129032258,5.0,64.69999999999999,5.161290322580645,343.6161290322581,1.153929870967742,1.4516129032258065,2.776,6.446947999999999,47.09527477742056,2.6877419354838707,3.44,0.8650477556577151,1.1313159588169444,235.0,165.39999999999998,1.4207980652962515,0.1349522443422849,0.82,0.50147,19.0,0.0,2.5,4.3406633,1.0,0.0,43.06,5.1000000000000005,4.5
2.5105396976270025,1959.2008571585884,1046.7308449375255,39.9082715145088,0.6546375740000001,0.6511330458721696,17.327,5.844354838709678,20.483870967741936,1.5695,2.733763914546878,45.6,29.170620117572145,89.0,1.4406625054934454,2648.3870967741937,3.161290322580645,2.419777222346392,85.3225806451613,3.033713066564516,3.53,15.96,86.0555102261434,0.963237379205807,35.0763481188978,0.3707661678858596,0.4181123031230877,1.2903225806451613,27.0,113.2,6.419354838709677,347.9612903225806,1.1700037335483868,1.4516129032258065,3.2501935483870974,6.6424685,45.46236409776464,2.7520967741935483,3.09,0.8743070629641395,1.108744358671262,235.0,162.10000000000002,1.4497223935842072,0.1256929370358604,0.82,0.50147,19.0,0.0,4.0,4.3406633,1.0,0.0,43.06,5.7,4.5
2.7393251331712567,1936.9346381588305,1044.9642610534115,39.9524300904873,0.6782556740000001,0.6469492919263389,16.142,5.860483870967743,20.90322580645161,1.6154999999999995,2.5626895503610374,46.9,28.50667629051402,89.0,1.4226094009967636,2580.6451612903224,3.064516129032258,2.426306633212658,85.35483870967742,3.0312089041935484,3.53,15.9,86.10389732291759,0.9445780568672388,34.96874596616033,0.3728466212897331,0.4181123031230877,1.435483870967742,28.0,120.5,6.838709677419355,349.3290322580645,1.177622475483871,1.3064516129032258,3.308209677419355,6.7278984999999984,45.40210451238722,2.7669354838709674,3.06,0.8767242285858394,1.1029304616640403,235.0,161.25,1.4573643410852712,0.1232757714141605,0.82,0.50147,19.0,0.0,4.449999999999999,4.3406633,1.0,0.0,43.06,5.4,4.05
0.7453559924999299,1295.9213775113722,719.8380411978487,43.30127018922193,0.079,0.8946291450448427,14.6,5.995833333333334,17.833333333333332,1.54,2.98142396999972,22.0,37.08960621102479,68.7985796885917,1.3978045782186037,1525.0,2.5,1.9520191221456835,92.0,3.2635599122500003,3.88,10.6,80.84864237106756,1.126790858539813,37.58619723012987,0.3470468401003094,0.0,0.3333333333333333,4.0,46.60000000000002,4.666666666666667,348.1083333333333,0.877482875,1.3333333333333333,2.0619166666666664,6.828119999999998,13.124810807538552,2.500833333333333,3.31,0.8711007382063196,1.0054621883076835,215.0,147.0,1.4625850340136055,0.1288992617936804,0.95,0.048,38.0,0.0,2.0,5.69485,0.0,0.0,27.6,8.0,8.0
3.878143885933064,1408.5957290379663,728.0637035314973,34.27885645700568,0.079,0.4788999940641561,14.6,5.678,25.6,1.54,3.2,22.0,19.5386795869117,28.7985796885917,1.546174634379959,1060.0,3.6,1.3905301235925456,84.6,2.9886692718,3.88,10.6,76.86362451031337,0.7784702948732212,35.2613102422471,0.379513217956799,0.0,2.4,24.0,112.2,10.0,359.44,0.963816732,1.6,3.8674,6.828119999999998,20.25983463659992,2.838,2.98,0.7746337046652771,1.0054621883076835,175.0,147.0,1.1904761904761905,0.2253662953347228,2.33,0.35674316,82.0,10.0,2.0,7.41663,4.0,0.0,6.98,8.0,8.0
0.7637626158259734,1591.4329108010038,721.938616196388,41.958974672357705,0.2744999999999999,0.846043255875985,22.85,5.545000000000001,23.5,1.32,4.017323597731316,39.5,35.552777669262355,68.7985796885917,1.591432792590794,2716.6666666666665,3.8333333333333335,1.7600775797856285,97.33333333333331,3.3459818733333333,3.88,16.55,73.13309945299196,1.1355529734695584,39.219113820800295,0.3817317934714543,0.0,0.5,4.0,46.60000000000002,4.5,347.29999999999995,0.8300567499999999,2.833333333333333,2.7795,6.202509999999999,23.885511939251696,2.3183333333333334,3.81,0.8154751451077822,1.1422597649481847,215.0,167.0,1.2874251497005988,0.1845248548922178,0.95,0.048,38.0,0.0,1.5,5.69485,0.0,0.0,27.6,8.5,8.5
1.4142135623730951,1911.1989406866128,972.5069485088316,40.034678844772586,0.488802,0.7833694047806699,20.46666666666667,5.224285714285714,26.0,1.413333333333333,3.880879344916036,40.0,33.278049393385,69.0,1.6697292949359628,3542.8571428571427,4.285714285714286,2.473345733244951,101.28571428571428,3.3412554895714286,3.88,14.633333333333333,86.97122810256454,1.080950073418976,37.362537168579294,0.3857438114833285,0.3499271061118826,1.0,4.0,47.60000000000002,4.571428571428571,342.9,0.8425352142857142,3.2857142857142856,3.6067142857142858,6.387956666666666,40.47194067416145,2.2157142857142857,3.81,0.8341175341925521,1.0943806131240092,215.0,160.0,1.34375,0.1658824658074479,0.95,0.048,38.0,0.0,2.333333333333333,5.69485,0.0,0.0,27.6,7.999999999999999,7.666666666666666
0.8,1372.6592299125082,756.3194626611165,41.182520563948,0.079,0.8283531951513585,14.6,5.904000000000001,16.8,1.54,3.2,22.0,35.204545161101,68.7985796885917,1.505291998251502,1360.0,2.8,1.926638355259929,89.0,3.1762870428000003,3.88,10.6,82.15971934359035,1.0913917720049018,35.902089075707,0.3343075261185155,0.0,0.4,4.0,46.60000000000002,4.8,346.32,0.9020681,1.6,2.1054000000000004,6.828119999999998,13.99078328129213,2.5620000000000003,3.2,0.8711007382063196,1.0054621883076835,215.0,147.0,1.4625850340136055,0.1288992617936804,0.95,0.048,38.0,0.0,2.0,5.69485,0.0,0.0,27.6,8.0,8.0
1.939071942966532,1493.724275984025,645.3447277230983,33.60952246016001,2.570030819756662,0.6146999161466193,9.4,6.626,21.2,1.55,3.655133376499413,25.0,28.03141095271517,52.0,1.6445011401637886,2520.0,4.0,1.6897285646099012,83.0,2.9689947748000005,5.140000000000001,7.39,75.26362451031336,1.0458604113360443,35.204545161101,0.3742216468173779,0.0,1.2,4.0,56.099999999999966,5.6,339.66,1.4846742639513324,2.8,3.3614000000000006,7.434019999999999,29.111243496892683,2.5940000000000003,3.55,0.8378655539586803,0.9233836423233828,187.0,135.0,1.385185185185185,0.1621344460413196,1.1,0.47,57.0,1.0,5.0,5.5769,9.0,9.0,31.1,5.0,5.0
3.72677996249965,1439.503918454973,638.4057080380434,37.10645346686866,1.936015409878331,0.5675098725724176,8.09,6.203333333333333,25.5,1.74,3.496029493900505,36.0,25.77089227964156,52.0,1.7739472621498331,2300.0,3.5,1.878819402518241,92.33333333333331,3.006909063333333,5.140000000000001,8.845,79.38635375859447,0.986283709464754,38.482319172431495,0.3974949691373504,0.3726779962499649,2.6666666666666665,8.0,56.099999999999966,6.5,335.51666666666665,1.4542285532927768,2.333333333333333,4.551166666666667,7.505125,28.1283646381959,2.4833333333333334,3.23,0.8246685772383532,0.9541630970674956,187.0,139.5,1.3405017921146951,0.1753314227616468,1.1,0.47,57.0,1.0,7.5,5.5769,9.0,9.0,31.1,3.0,2.5
3.72677996249965,1525.1021989880985,654.0711348078961,33.79184648534153,2.439330409878332,0.568912419382034,7.6,6.201666666666667,30.83333333333333,2.045,3.496029493900505,52.0,25.81773722764169,52.0,1.7759355906738912,2283.333333333333,3.5,1.78945503793656,89.33333333333333,3.010902654333334,5.140000000000001,8.795,99.38635375859448,0.9549476425438204,35.87787928824977,0.4195016209183432,0.372677996249965,2.6666666666666665,22.0,56.099999999999966,8.833333333333334,337.93333333333334,1.6220002199594437,2.333333333333333,6.017833333333333,8.329775,60.13111296887436,2.5850000000000004,2.98,0.8217921751042354,0.9610029758995208,187.0,140.5,1.3309608540925266,0.1782078248957646,1.1,0.47,57.0,1.0,7.5,5.5769,9.0,9.0,31.1,3.0,2.5
3.72677996249965,1584.575628475439,751.0288232373864,33.19471176089482,1.566015409878331,0.5623037530451801,7.1,6.170000000000001,25.33333333333333,1.875,3.496029493900505,35.5,25.86986664055306,52.0,1.8147543451754933,2633.333333333333,3.333333333333333,1.5539847379051055,88.66666666666667,2.9851534975000007,5.140000000000001,8.145,92.7196870919278,0.9659609492911996,34.2527371169079,0.396167549391587,0.0,2.6666666666666665,7.0,62.30000000000001,6.333333333333333,331.3666666666668,1.3308952199594437,2.333333333333333,4.8045,7.88546,47.22066305350176,2.5283333333333338,3.25,0.834896520163478,0.930223521155408,187.0,136.0,1.375,0.1651034798365219,1.1,0.47,57.0,1.0,7.5,5.5769,9.0,9.0,31.1,2.5,2.5
3.4034296427770228,1729.0906330665066,804.4566585935848,32.52904684876101,2.349015409878331,0.5635489156230984,7.95,6.175000000000001,30.666666666666668,1.915,3.4034296427770228,51.5,25.927248643506744,52.0,1.8084961524242549,3016.6666666666665,3.6666666666666665,1.5491564102270254,87.83333333333333,2.992264459833334,5.140000000000001,8.245,101.05302042526114,0.9618803921948346,34.00204242231471,0.4186381850392813,0.372677996249965,2.5,21.0,76.80000000000001,8.666666666666666,328.95000000000005,1.5918952199594436,2.5,6.376166666666667,8.19641,63.4955519956774,2.5416666666666665,2.82,0.8319484540159091,0.9370633999874328,187.0,137.0,1.364963503649635,0.1680515459840909,1.1,0.47,57.0,1.0,7.0,5.5769,9.0,9.0,31.1,3.5,3.0
1.939071942966532,1493.724275984025,645.3447277230983,33.60952246016001,2.570030819756662,0.6146999161466193,9.4,6.626,21.2,1.55,3.655133376499413,25.0,28.03141095271517,52.0,1.6445011401637886,2520.0,4.0,1.6897285646099012,83.0,2.9689947748000005,5.140000000000001,7.39,75.26362451031336,1.0458604113360443,35.204545161101,0.3742216468173779,0.0,1.2,4.0,56.099999999999966,5.6,339.66,1.4846742639513324,2.8,3.3614000000000006,7.434019999999999,29.111243496892683,2.5940000000000003,1.61,0.8378655539586803,0.9233836423233828,187.0,135.0,1.385185185185185,0.1621344460413196,1.1,0.47,57.0,1.0,5.0,5.5769,9.0,9.0,31.1,5.0,5.0
1.7261494247992246,1664.7610291043245,927.396559528064,29.49576240750525,0.4832512732522207,0.5567916013946901,4.51,6.557,16.857142857142858,2.21,3.3380918415851206,12.33333333333333,24.78149408287547,95.0,1.8749467801970885,2400.0,4.0,1.69390315856174,79.0,2.909419331428572,5.140000000000001,9.763333333333334,107.66900077561084,0.9237567486152644,31.112042422082634,0.3276359542140888,0.0,0.8571428571428571,4.0,112.2,5.142857142857143,353.22857142857146,0.9004420456795231,2.0,2.850714285714286,10.088713333333333,90.31913422752518,2.5785714285714287,2.02,0.9256456355348204,0.7409868734693812,187.0,108.33333333333331,1.7261538461538464,0.0743543644651795,1.1,0.47,57.0,1.0,1.6666666666666663,5.5769,9.0,9.0,31.1,4.333333333333333,1.6666666666666663
1.6,1917.0796468858564,1050.5311652378523,38.85563022265885,-0.2412969999999999,0.5874232378117682,8.4,5.3158,16.8,2.3200000000000003,2.4,24.0,34.46389415025528,105.0,1.4386850106955311,2940.0,2.8,2.868519876695494,89.2,3.1786254204000004,3.53,14.05,79.31539291575072,1.0118023522407922,35.27832195555792,0.3022890551944646,0.4,0.8,4.0,49.5,4.8,344.48,0.4928366,1.2,2.6452,10.646475,50.21818580665059,2.504,2.0,0.9150782500715432,0.8139455810109819,197.0,119.0,1.6554621848739497,0.0849217499284569,1.0,0.02455,20.0,0.0,2.0,6.11316,0.0,0.0,25.0,5.0,3.0
1.6,1913.8319185612927,1046.808823585281,41.91610668943384,-0.2412969999999999,0.786912433954447,8.4,5.415800000000001,20.4,2.3200000000000003,2.4,24.0,34.80229877464993,123.0,1.4705966680228812,3000.0,2.8,2.943644553316525,91.2,3.286964302,3.53,14.05,90.4114877490277,1.026754108830347,37.05671329192593,0.3574105089140335,0.4,0.8,4.0,49.5,4.8,349.32,0.4975266,1.2,2.8432000000000004,10.646475,40.39114320213547,2.494,1.8,0.9630716659680806,0.8139455810109819,215.0,119.0,1.8067226890756305,0.0369283340319194,0.95,0.048,38.0,0.0,2.0,5.69485,0.0,0.0,27.6,5.0,3.0
1.6,1923.6485399635765,1045.012708600235,43.1833301170718,-0.2412969999999999,0.8855149459719476,8.4,5.203799999999999,24.0,2.3200000000000003,2.4,24.0,35.14199766660968,130.0,1.4355520749871808,2760.0,2.8,2.8754558084123016,92.0,3.3389532178000003,3.53,14.05,77.8353929157507,1.0449191356272505,40.16466108409232,0.3834611204388002,0.4,0.8,4.0,53.80000000000001,4.8,350.56,0.5168505999999999,1.2,3.0352,10.646475,52.10644248787192,2.482,1.7,0.9817357721500674,0.8139455810109819,222.0,119.0,1.865546218487395,0.0182642278499326,0.89,0.14462,56.0,0.0,2.0,5.211664,0.0,0.0,39.7,5.0,3.0
1.5491933384829668,2138.9424810648834,1055.8197434865478,36.53819918934156,-0.2412969999999999,0.5757415627585578,8.4,4.9498,24.2,2.3200000000000003,3.794733192202055,24.0,28.95237468671612,95.0,1.5531400967073126,4060.0,4.6,2.208123996114248,87.6,3.1720645608,3.53,14.05,81.51539291575071,0.982437784289672,37.05671329192593,0.3821961570887517,0.4,1.0,3.0,49.5,5.0,346.94,0.5819266000000001,3.0,3.5652,10.646475,47.6134272751078,2.524,1.6,0.8884152412401334,0.8139455810109819,187.0,119.0,1.5714285714285714,0.1115847587598666,1.1,0.47,57.0,1.0,2.0,5.5769,9.0,9.0,31.1,5.0,3.0
1.118033988749895,2050.6642692714213,1171.0777965428067,44.122619545484326,0.322,0.9483503346096824,13.1,5.86625,28.83333333333333,1.5,2.6087459737497545,73.0,35.85791308143232,75.7985796885917,1.3486190853980973,1320.8333333333333,2.4166666666666665,3.116187201730171,90.16666666666669,3.2435374098333334,3.52,10.9,82.89960886490975,1.1187678459160129,41.04875150354759,0.4409799732082246,0.0,0.5,17.0,53.30000000000001,7.333333333333333,348.7291666666667,0.9969917708333332,1.1666666666666667,4.222958333333334,7.54957,58.59694894296968,2.5854166666666667,4.05,0.8819663566322389,1.0191419459717337,222.0,149.0,1.4899328859060403,0.1180336433677611,0.89,0.14462,56.0,0.0,3.0,5.211664,0.0,0.0,39.7,7.0,7.0
1.0998181667894016,2025.9785339336645,1156.1681790040063,43.63345505457939,-0.0223999999999999,0.929669279922694,10.7,5.79316,27.96,1.8080000000000005,2.56624238917527,59.8,35.481285207838795,130.0,1.3690266814054428,1320.0,2.44,3.1043258846970683,88.96,3.2374431941200004,3.52,12.18,81.87821982542172,1.099777722996788,40.64677108947278,0.4321251829984452,0.0,0.48,17.0,53.30000000000001,7.24,349.42,0.9011121,1.12,4.08636,8.946476,57.63068611501747,2.6036,1.75,0.9173940033810644,0.941167327286648,222.0,137.6,1.6133720930232558,0.0826059966189355,0.89,0.14462,56.0,0.0,2.4000000000000004,5.211664,0.0,0.0,39.7,6.200000000000001,5.6000000000000005
0.8,1396.8016268117674,752.0965427390289,42.51305681787655,0.079,0.9287532170410508,14.6,5.692,20.4,1.54,3.2,22.0,35.539274049985885,75.7985796885917,1.5398233664937029,1120.0,2.8,1.851027323988916,89.8,3.2282759586,3.88,10.6,69.58362451031337,1.1092339699089635,39.193877072828606,0.3687216896792682,0.0,0.4,4.0,52.80000000000001,4.8,347.56,0.9213921,1.6,2.2974,6.828119999999998,32.73879766229261,2.55,3.0,0.887982469076002,1.0054621883076835,222.0,147.0,1.510204081632653,0.112017530923998,0.89,0.14462,56.0,0.0,2.0,5.211664,0.0,0.0,39.7,8.0,8.0
0.8228997508809929,1402.6196947013111,756.6398532749911,42.51855049269671,0.08569,0.9287590442587056,14.582,5.692400000000001,20.44,1.5462,3.190793631684757,22.200000000000003,35.5336164779213,83.0,1.539136849016357,1122.6,2.7960000000000003,1.865944042285864,89.80799999999999,3.2281446889740004,3.88,10.588,69.82362451031337,1.1084504780999465,39.200840552212654,0.3693161376659319,0.0446766158073773,0.4059999999999999,4.0,65.10000000000002,4.804,347.5354,0.9227301,1.594,2.3087600000000004,6.830763099999998,33.4659697694178,2.55124,2.4,0.8882248211956478,1.0049149980011214,222.0,146.92,1.51102640893003,0.1117751788043521,0.89,0.14462,56.0,0.0,2.03,5.211664,0.0,0.0,39.7,7.979999999999999,7.97
0.8451366753371907,1408.4087426113203,761.1512324998232,42.524041952758914,0.09238,0.9287648528864332,14.564,5.6928,20.48,1.5524,3.1815493081201804,22.4,35.5279551902442,83.0,1.538449921186907,1125.2,2.792,1.8807223987784385,89.816,3.228013419348,3.88,10.576,70.06362451031337,1.1076650439550757,39.20780024433914,0.3699088303474637,0.063118935352238,0.412,4.0,65.10000000000002,4.808000000000001,347.5108,0.9240681,1.588,2.32012,6.833406199999999,34.17598854228851,2.55248,2.2,0.8884673056390421,1.0043678076945597,222.0,146.84,1.511849632252792,0.1115326943609579,0.89,0.14462,56.0,0.0,2.06,5.211664,0.0,0.0,39.7,7.96,7.939999999999999
0.8667617896515744,1414.1691269307216,765.6312448666133,42.52953119892106,0.09907,0.9287706429245828,14.546,5.6932,20.520000000000003,1.5586,3.172266697489352,22.6,35.52229018517809,83.0,1.5377625824554322,1127.8,2.788,1.895365629932125,89.824,3.2278821497219994,3.88,10.564,70.30362451031337,1.10687766333954,39.214756151224506,0.3704997761478079,0.0772269383052313,0.418,4.0,65.10000000000002,4.811999999999999,347.48619999999994,0.9254060999999998,1.582,2.33148,6.836049299999998,34.86990182202533,2.55372,2.6,0.8887099225145869,1.0038206173879975,222.0,146.76,1.5126737530662306,0.111290077485413,0.89,0.14462,56.0,0.0,2.09,5.211664,0.0,0.0,39.7,7.939999999999999,7.91
2.3323807579381204,1577.482003657728,890.3855668192292,27.550680572356104,0.151,0.2280822814203736,8.4,5.2620000000000005,14.4,1.83,3.2,26.0,22.27105745132009,21.0,1.920566583068653,1000.0,3.6,1.6118092594144071,79.4,2.7782807722,3.96,7.1,101.66362451031335,0.8646479052192285,25.54525396233124,0.2931641885275876,0.0,1.6,4.0,58.80000000000001,6.0,331.74,0.9226681,2.4,3.1722,7.9024,36.60307533242024,2.738,2.42,0.7616591872244346,0.8618247328351574,147.0,126.0,1.1666666666666667,0.2383408127755654,1.54,0.079,22.0,2.0,6.0,6.828119999999998,8.0,8.0,14.6,4.0,4.0
2.211083193570267,2001.3284095604824,1394.0226321293671,25.57125121868089,0.7065595,0.2884306507788725,5.035,4.98,13.0,2.19,3.055050463303893,16.0,20.816659994661325,56.0,1.8631782881231025,916.6666666666666,3.6666666666666665,1.880792644383776,77.33333333333333,2.689016033666667,3.96,6.199999999999999,90.2196870919278,0.7924154353760546,23.879907872519105,0.2719519583073492,0.0,1.3333333333333333,4.0,93.90000000000003,5.666666666666667,340.6333333333334,0.97924325,2.0,3.0185,9.58135,42.08688776018787,2.7066666666666666,2.36,0.8139911913417691,0.7421268532747188,147.0,108.5,1.3548387096774193,0.1860088086582308,1.54,0.079,22.0,2.0,3.0,6.828119999999998,8.0,8.0,14.6,4.0,2.0
2.211083193570267,2001.3284095604824,1394.0226321293671,25.57125121868089,0.7065595,0.2884306507788725,5.035,4.98,13.0,2.19,3.055050463303893,16.0,20.816659994661325,56.0,1.8631782881231025,916.6666666666666,3.6666666666666665,1.880792644383776,77.33333333333333,2.689016033666667,3.96,6.199999999999999,90.2196870919278,0.7924154353760546,23.879907872519105,0.2719519583073492,0.0,1.3333333333333333,4.0,93.90000000000003,5.666666666666667,340.6333333333334,0.97924325,2.0,3.0185,9.58135,42.08688776018787,2.7066666666666666,2.32,0.8139911913417691,0.7421268532747188,147.0,108.5,1.3548387096774193,0.1860088086582308,1.54,0.079,22.0,2.0,3.0,6.828119999999998,8.0,8.0,14.6,4.0,2.0
2.211083193570267,2001.3284095604824,1394.0226321293671,25.57125121868089,0.7065595,0.2884306507788725,5.035,4.98,13.0,2.19,3.055050463303893,16.0,20.816659994661325,56.0,1.8631782881231025,916.6666666666666,3.6666666666666665,1.880792644383776,77.33333333333333,2.689016033666667,3.96,6.199999999999999,90.2196870919278,0.7924154353760546,23.879907872519105,0.2719519583073492,0.0,1.3333333333333333,4.0,93.90000000000003,5.666666666666667,340.6333333333334,0.97924325,2.0,3.0185,9.58135,42.08688776018787,2.7066666666666666,2.26,0.8139911913417691,0.7421268532747188,147.0,108.5,1.3548387096774193,0.1860088086582308,1.54,0.079,22.0,2.0,3.0,6.828119999999998,8.0,8.0,14.6,4.0,2.0
2.211083193570267,2001.3284095604824,1394.0226321293671,25.57125121868089,0.7065595,0.2884306507788725,5.035,4.98,13.0,2.19,3.055050463303893,16.0,20.816659994661325,56.0,1.8631782881231025,916.6666666666666,3.6666666666666665,1.880792644383776,77.33333333333333,2.689016033666667,3.96,6.199999999999999,90.2196870919278,0.7924154353760546,23.879907872519105,0.2719519583073492,0.0,1.3333333333333333,4.0,93.90000000000003,5.666666666666667,340.6333333333334,0.97924325,2.0,3.0185,9.58135,42.08688776018787,2.7066666666666666,2.22,0.8139911913417691,0.7421268532747188,147.0,108.5,1.3548387096774193,0.1860088086582308,1.54,0.079,22.0,2.0,3.0,6.828119999999998,8.0,8.0,14.6,4.0,2.0
1.939071942966532,1493.724275984025,645.3447277230983,33.60952246016001,2.570030819756662,0.6146999161466193,9.4,6.626,21.2,1.55,3.655133376499413,25.0,28.03141095271517,52.0,1.6445011401637886,2520.0,4.0,1.6897285646099012,83.0,2.9689947748000005,5.140000000000001,7.39,75.26362451031336,1.0458604113360443,35.204545161101,0.3742216468173779,0.0,1.2,4.0,56.099999999999966,5.6,339.66,1.4846742639513324,2.8,3.3614000000000006,7.434019999999999,29.111243496892683,2.5940000000000003,2.64,0.8378655539586803,0.9233836423233828,187.0,135.0,1.385185185185185,0.1621344460413196,1.1,0.47,57.0,1.0,5.0,5.5769,9.0,9.0,31.1,5.0,5.0
1.9479178627447309,1496.6341192502591,647.302075127216,33.6209420451004,2.5216502033615287,0.6146723818817041,9.38,6.601920000000002,21.204,1.5556,3.653270315758197,25.02,28.028742105203367,61.0,1.6552134344549048,2523.2,3.996,1.6844812804525515,83.01599999999999,2.9690791223680004,6.0200000000000005,7.3842,75.46362451031337,1.0448912793204852,35.202011078914225,0.3743387387244968,0.0,1.2040000000000002,5.0,61.0,5.604,339.64040000000006,1.4749981406723058,2.7960000000000003,3.364056,7.443387599999999,29.58579132170122,2.59512,2.64,0.838402224079931,0.9221524641336184,187.0,134.82000000000002,1.3870345646046578,0.1615977759200689,1.1,0.47,57.0,1.0,5.0200000000000005,5.5769,9.0,9.0,31.1,4.98,4.98
1.9567156155149368,1499.53169054075,649.2514347585225,33.632350140898566,2.473269586966396,0.6146448348083385,9.36,6.57784,21.208,1.5612,3.651401922549749,25.04,28.026072432647425,61.0,1.665508731409115,2526.4,3.992,1.679212450920438,83.03200000000001,2.9691634699360003,6.0200000000000005,7.378399999999999,75.66362451031337,1.0439200459805338,35.19947635974149,0.3744557446227576,0.0,1.208,5.0,61.0,5.608,339.62080000000003,1.465322017393279,2.7920000000000003,3.366712,7.452755199999999,30.05151574092605,2.59624,2.64,0.8389395821383223,0.9209212859438536,187.0,134.64,1.388888888888889,0.1610604178616776,1.1,0.47,57.0,1.0,5.04,5.5769,9.0,9.0,31.1,4.96,4.96
1.9610966319893568,1500.975896416728,650.2231416213976,33.638049884022706,2.449079278768829,0.6146310564679487,9.35,6.5658,21.21,1.5639999999999998,3.650465723712524,25.05,28.024737286904227,61.0,1.6705024274151776,2528.0,3.99,1.676569893194085,83.03999999999999,2.96920564372,6.0200000000000005,7.375499999999999,75.76362451031336,1.043433639480729,35.198208761242384,0.37451421534376,0.0,1.21,5.0,61.0,5.609999999999999,339.611,1.460483955753766,2.79,3.3680400000000006,7.457438999999999,30.28119669737415,2.5968,2.64,0.8392085195574409,0.9203056968489716,187.0,134.55,1.389817911557042,0.1607914804425591,1.1,0.47,57.0,1.0,5.05,5.5769,9.0,9.0,31.1,4.95,4.95
1.9654658480879288,1502.4170608589347,651.1928783517216,33.6437467592419,2.424888970571262,0.6146172749248003,9.34,6.55376,21.212,1.5667999999999995,3.649528188684121,25.06,28.023401934811552,61.0,1.6753947183872822,2529.6,3.988,1.6739218725651763,83.048,2.9692478175040007,6.0200000000000005,7.372599999999999,75.86362451031337,1.042946705445681,35.196941003445176,0.3745726645927605,0.0,1.2119999999999995,5.0,61.0,5.612,339.6012,1.4556458941142525,2.788,3.369368,7.462122799999999,30.508820831408748,2.59736,2.64,0.8394776294574635,0.9196901077540892,187.0,134.45999999999998,1.3907481778967723,0.1605223705425364,1.1,0.47,57.0,1.0,5.06,5.5769,9.0,9.0,31.1,4.94,4.94
1.974169192343959,1505.2903003660124,653.1264764990009,33.655131911790214,2.376508354176129,0.6145897022293662,9.320000000000002,6.529680000000001,21.216,1.5724000000000002,3.6476491059311065,25.08,28.0207306114598,61.0,1.684878600255817,2532.8,3.984,1.6686093385129763,83.06400000000001,2.9693321650720006,6.0200000000000005,7.3668,76.06362451031336,1.0419712518107205,35.194405009887575,0.3746894987149458,0.0,1.216,5.0,61.0,5.6160000000000005,339.58160000000004,1.445969770835226,2.7840000000000003,3.372024000000001,7.471490399999999,30.958079700118272,2.59848,2.64,0.8400163673643612,0.9184589295643248,187.0,134.28,1.3926124515936849,0.1599836326356387,1.1,0.47,57.0,1.0,5.08,5.5769,9.0,9.0,31.1,4.920000000000001,4.920000000000001
3.3749074061372406,1638.3727345033546,892.0348980841501,46.24283728319447,0.8257559999999999,0.8369449804239842,11.266666666666666,5.7495,21.6,1.7816666666666667,2.4062418831031933,49.66666666666666,29.67574767381608,111.0,1.437975921217042,1955.0,2.8,2.1579180042440367,91.0,3.13870922725,3.88,13.566666666666666,80.57362451031337,0.9733163668612586,35.456772069562874,0.3620643174188307,0.4,1.9,28.0,153.60000000000002,7.8,353.515,1.1745419,1.1,3.2788000000000004,7.092769999999999,46.85327849399494,2.6805,3.31,0.9084894471257636,1.0294017642197713,235.0,150.5,1.5614617940199336,0.0915105528742364,0.82,0.50147,19.0,0.0,6.333333333333333,4.3406633,1.0,0.0,43.06,5.0,3.6666666666666665
3.3760604512592693,1639.009559648355,892.3880691096855,46.20339377620741,0.8257559999999999,0.8359298506801561,11.266666666666666,5.749219219219219,21.60810810810811,1.7816666666666667,2.4071940869321176,49.66666666666666,29.64425501135932,111.0,1.4384453816906286,1955.855855855856,2.8013013013013017,2.157188411205848,90.96596596596596,3.137897577496997,3.88,13.566666666666666,80.61463612601412,0.9727649088882476,35.446690050962125,0.3621932544637198,0.3997745985421653,1.901901901901902,28.0,153.60000000000002,7.804304304304304,353.50290290290286,1.1747353435935934,1.1011011011011012,3.2810785785785783,7.092769999999999,46.84454478209559,2.681051051051051,3.3,0.9084894471257636,1.0294017642197713,235.0,150.5,1.5614617940199336,0.0915105528742364,0.82,0.50147,19.0,0.0,6.333333333333333,4.3406633,1.0,0.0,43.06,5.0,3.6666666666666665
3.377214337946436,1639.6471861295731,892.7416432573631,46.16381225437498,0.8257559999999999,0.8349106572377555,11.266666666666666,5.748937875751503,21.616232464929865,1.7816666666666667,2.408147316360689,49.66666666666666,29.612642702007463,111.0,1.4389155743853472,1956.7134268537072,2.802605210420841,2.1564550346657247,90.93186372745492,3.137084301191383,3.88,13.566666666666666,80.65572992932148,0.9722117187742512,35.436579357096086,0.3623223728393852,0.3995483914531288,1.9038076152304608,28.0,153.60000000000002,7.808617234468938,353.49078156312623,1.174929174849699,1.1022044088176353,3.283361723446894,7.092769999999999,46.835755914517534,2.681603206412825,3.23,0.9084894471257636,1.0294017642197713,235.0,150.5,1.5614617940199336,0.0915105528742364,0.82,0.50147,19.0,0.0,6.333333333333333,4.3406633,1.0,0.0,43.06,5.0,3.6666666666666665
1.939071942966532,1638.6911470758548,792.4125573692484,37.941981358589146,0.6174999999999999,0.6162300634527129,11.941698249999998,5.678,21.183333333333334,1.715,3.167272178828866,29.0,30.95569317578439,68.7985796885917,1.528667846386592,2220.0,3.096014492753623,1.886431360039993,88.4,3.0679481612000004,3.88,11.4,81.54950871303204,1.015543530010622,35.19884256049194,0.3687216896792682,0.2332741326930919,1.0,7.0,64.44999999999999,5.641333333333334,342.636,1.0772770555555555,1.6,3.2771241379310347,7.417535,44.89820797528118,2.572,3.22,,,,,,,,,,,,,,,,,
3.760819062111186,1757.1994465619173,979.935009360988,48.29603233734048,0.8248302424242425,0.9133510764352823,11.221885521885522,5.295259365994237,27.40634005763689,1.7835016835016837,2.73863325727724,49.75420875420876,31.859234118405915,111.0,1.4971272699447693,2556.7723342939485,3.135446685878963,2.5465414849029187,105.10951008645534,3.3482677189726227,3.88,13.594612794612797,82.45318768754566,0.9980389582379215,36.24967587666302,0.3787370634222428,0.4487726657751423,2.7204610951008648,28.0,153.60000000000002,8.619596541786745,355.0747838616715,1.0546847579250722,1.5590778097982712,4.18706340057637,7.096142929292929,55.59207725640132,2.3648991354466857,3.21,0.908350288204918,1.0297126678030453,235.0,150.54545454545456,1.5609903381642511,0.091649711795082,0.82,0.50147,19.0,0.0,6.356902356902357,4.3406633,1.0,0.0,43.06,4.97979797979798,3.643097643097644
3.76822742310006,1752.5398534589683,976.8540906454956,48.19121927059752,0.8242026101694915,0.9101254041704055,11.191525423728812,5.301231884057971,27.39130434782609,1.7847457627118644,2.7348329142935093,49.813559322033896,31.74788857391136,111.0,1.4975968444640313,2542.028985507246,3.130434782608696,2.5306210730102148,104.79710144927536,3.3428052186159416,3.88,13.6135593220339,82.4294380509517,0.9965929251791416,36.25384089018212,0.3791177960047296,0.4466966668818098,2.7246376811594204,28.0,153.60000000000002,8.652173913043478,355.1108695652174,1.0566861884057972,1.5507246376811592,4.184014492753623,7.098429661016947,55.38886677987311,2.371594202898551,3.18,0.908255967420293,1.0299234498934002,235.0,150.57627118644066,1.560670868977938,0.0917440325797069,0.82,0.50147,19.0,0.0,6.372881355932203,4.3406633,1.0,0.0,43.06,4.966101694915254,3.627118644067796
1.939071942966532,1638.6911470758548,792.4125573692484,37.941981358589146,0.6174999999999999,0.6162300634527129,11.941698249999998,5.678,21.183333333333334,1.715,3.167272178828866,29.0,30.95569317578439,68.7985796885917,1.528667846386592,2220.0,3.096014492753623,1.886431360039993,88.4,3.0679481612000004,3.88,11.4,81.54950871303204,1.015543530010622,35.19884256049194,0.3687216896792682,0.2332741326930919,1.0,7.0,64.44999999999999,5.641333333333334,342.636,1.0772770555555555,1.6,3.2771241379310347,7.417535,44.89820797528118,2.572,4.3,,,,,,,,,,,,,,,,,
1.6,1910.5260085808827,1051.9650366813528,54.4,0.917406,1.0214649173545167,15.7,5.804,16.8,1.6,2.4,41.0,36.66278767360715,89.0,1.396962418964805,2340.0,2.8,2.874231136346179,97.8,3.2947558844,3.53,10.8,80.28362451031337,1.1199714282069877,36.68490614726288,0.3180244924976511,0.4898979485566356,0.8,5.0,64.69999999999999,4.8,349.54,1.1604433,1.2,2.5746,6.75885,53.02583622963272,2.548,3.4,0.92248048970081,0.9986223094756584,235.0,146.0,1.6095890410958904,0.07751951029919,0.82,0.50147,19.0,0.0,4.0,4.3406633,1.0,0.0,43.06,7.0,6.0
1.6,1910.4314925521408,1051.8693256852011,53.91946865465201,0.8998117142857144,1.0038417197193037,16.10047619047619,5.7940000000000005,16.72,1.568095238095238,2.4,39.57142857142857,36.64568050944067,89.0,1.4045938914860765,2334.0,2.8,2.8720145863284383,97.47,3.28089060656,3.53,11.414285714285716,80.31562451031337,1.1183265131436346,36.37749495166651,0.3199863642971345,0.4898979485566356,0.8,5.0,82.89999999999998,4.8,348.711,1.16090786,1.2,2.57575,6.681717904761904,52.9801937697775,2.5491,3.42,0.915912911684126,1.01295348417133,235.0,148.09523809523807,1.586816720257235,0.0840870883158739,0.82,0.50147,19.0,0.0,3.809523809523809,4.3406633,1.0,0.0,43.06,6.7142857142857135,5.7142857142857135
1.6,1910.3363487731683,1051.7734950329182,53.43257807742389,0.8838169090909092,0.98570854072225,16.464545454545455,5.784000000000001,16.64,1.539090909090909,2.4,38.27272727272727,36.6285626253611,89.0,1.412113309901157,2328.0,2.8,2.8697954018811327,97.14,3.2670253287200004,3.53,11.972727272727273,80.34762451031335,1.116678091483844,36.06541781841345,0.3218679490782026,0.4898979485566356,0.8,5.0,82.89999999999998,4.8,347.88199999999995,1.16137242,1.2,2.5769,6.611597818181818,52.934492610343504,2.5502,3.42,0.9100230141258316,1.0259818248037589,235.0,150.0,1.5666666666666669,0.0899769858741684,0.82,0.50147,19.0,0.0,3.636363636363636,4.3406633,1.0,0.0,43.06,6.454545454545454,5.454545454545454
1.6,1909.9494942694164,1051.3889752074824,51.417775136619824,0.8321413846153847,0.9074518855985112,17.64076923076923,5.744000000000001,16.32,1.4453846153846155,2.4,34.07692307692307,36.55998358861776,89.0,1.441105131487637,2304.0,2.8,2.860892197076005,95.82,3.2115642173600003,3.53,13.776923076923076,80.47562451031335,1.1100490259443498,34.76790893311428,0.3286181186037195,0.4898979485566356,0.8,5.0,82.89999999999998,4.8,344.566,1.1632306599999995,1.2,2.5815,6.385055999999999,52.75109792260129,2.5546,3.37,0.8915012873808031,1.0680733868469896,235.0,156.15384615384613,1.5049261083743843,0.1084987126191968,0.82,0.50147,19.0,0.0,3.0769230769230766,4.3406633,1.0,0.0,43.06,5.615384615384615,4.615384615384615
1.6,1909.552588143097,1051.0025382576391,49.28539337369643,0.794246,0.8180248482492615,18.50333333333333,5.7040000000000015,16.0,1.3766666666666667,2.4,31.0,36.49123182354906,89.0,1.4684359025847875,2280.0,2.8,2.851946347331189,94.5,3.1561031060000007,3.53,15.1,80.60362451031338,1.103362587728984,33.38471802002698,0.3341809149330464,0.4898979485566356,0.8,5.0,82.89999999999998,4.8,341.25,1.1650889,1.2,2.5861,6.218925333333333,52.56675173686529,2.559,3.27,0.8783908159188898,1.0989405323453594,235.0,160.66666666666666,1.4626556016597512,0.1216091840811102,0.82,0.50147,19.0,0.0,2.6666666666666665,4.3406633,1.0,0.0,43.06,4.999999999999999,4.0
1.6,1909.1456241250955,1050.6141820679177,47.019438533440606,0.7652671764705883,0.7132380460152052,19.16294117647059,5.664000000000001,15.68,1.3241176470588236,2.4,28.647058823529413,36.42230635201456,89.0,1.4941967741900664,2256.0,2.8,2.842957450078017,93.18,3.10064199464,3.53,16.11176470588235,80.73162451031337,1.0966177273781414,31.904703093790022,0.3386148619542973,0.4898979485566356,0.8,5.0,82.89999999999998,4.8,337.934,1.16694714,1.2,2.5907,6.091884235294118,52.38144400730653,2.5634,3.44,0.8686224523179183,1.1225448200794066,235.0,164.11764705882354,1.4318996415770608,0.1313775476820816,0.82,0.50147,19.0,0.0,2.3529411764705883,4.3406633,1.0,0.0,43.06,4.529411764705883,3.5294117647058822
1.6,1908.5163054330976,1050.0280445473825,43.32389640833336,0.917406,0.5064479651497334,15.7,5.604000000000001,15.2,1.6,2.4,41.0,36.31859028101173,44.0,1.5300666652142971,2220.0,2.8,2.829392492091042,91.2,3.0174503276,3.53,10.8,80.92362451031337,1.086388512457675,29.470982488498827,0.3432418534832073,0.4898979485566356,0.8,5.0,51.69999999999999,4.8,332.96,1.1697345,1.2,2.5976,6.75885,52.10165706077522,2.57,3.6,0.8135836707891042,0.9986223094756584,190.0,146.0,1.3013698630136987,0.1864163292108958,0.93,0.547926,11.0,0.0,4.0,5.139076,1.0,0.0,24.11,7.0,6.0
3.391164991562634,1914.644446959653,1032.53726662751,33.7893627227586,0.8766032500000001,0.4509550775634311,11.941698249999998,5.740625,23.0,1.7500000000000002,2.341874249399399,31.0,18.72998932194036,96.0,1.477965107631097,2464.7226335126647,3.125,2.2432092325704764,82.90124578825127,2.892155108375,3.53,11.625000000000002,88.74125300196378,0.7549244581413428,34.2400865175659,0.3992916009028098,0.4330127018922193,2.0,27.0,141.09999999999997,8.25,349.84375,1.176939645,1.125,3.748175,8.46874825,40.37274284711077,2.87875,2.58,0.8245508488290795,0.8840543390392388,175.0,129.25,1.3539651837524178,0.1754491511709205,2.33,0.35674316,82.0,10.0,3.0,7.41663,4.0,0.0,6.98,5.5,4.5
3.386570137642535,1901.8877076055144,1027.0915077627092,33.71366663017469,0.870551756097561,0.4508511543620827,11.616700560975609,5.726956521739131,22.81055900621118,1.7617073170731703,2.330428243643901,30.0609756097561,18.67757116633292,96.0,1.4839654545033487,2454.603624212603,3.108695652173913,2.2393873040647736,83.03490222815047,2.887344903322982,3.95,11.641829268292682,88.51180198658635,0.7541558253004055,34.20249850996632,0.3980312935029616,0.4356690165652219,1.9906832298136647,27.0,141.09999999999997,8.208074534161492,349.4192546583851,1.173533137888199,1.114906832298137,3.721017391304348,8.593956170731706,40.266391000001285,2.8747204968944104,2.43,0.8288257916874656,0.8743367063083738,175.0,127.82926829268293,1.3690135470330091,0.1711742083125343,2.33,0.35674316,82.0,10.0,2.9390243902439024,7.41663,4.0,0.0,6.98,5.378048780487805,4.378048780487804
2.33238075793812,1625.4060784505514,734.614365228451,34.1666504065002,0.151,0.613307478536695,8.4,5.422000000000001,21.4,1.83,3.555277766926236,26.0,27.89695323866031,61.0,1.7467501252325703,2680.0,3.8,1.3959689278126368,83.8,2.9732121532000004,3.96,7.1,85.26362451031336,0.9947059867116512,35.077058029430006,0.3799724251883928,0.0,1.4,5.0,61.0,5.8,338.68,1.0008681,2.6,3.4942,7.9024,46.28382015055704,2.65,2.31,0.8655685320585051,0.8618247328351574,187.0,126.0,1.4841269841269842,0.1344314679414948,1.1,0.47,57.0,1.0,6.0,5.5769,9.0,9.0,31.1,4.0,4.0
2.192157739660984,1728.7371338390026,703.5298809100673,37.1591920735039,0.5565,0.7106421652894119,18.3,5.13,27.666666666666668,1.48,3.387066905483596,42.5,31.207192903061447,61.0,1.7230592947816197,3816.6666666666665,5.0,1.30250237123138,92.83333333333331,3.168945254333334,3.96,13.95,75.88635375859447,1.070244001254958,36.67878587594378,0.4093966591724843,0.0,1.1666666666666667,5.0,69.40000000000003,5.666666666666667,342.3333333333333,0.9943900833333332,2.1666666666666665,4.040666666666667,6.6877,47.16806165400628,2.3966666666666665,2.0,0.7848363394109904,1.053341340131859,187.0,154.0,1.2142857142857142,0.2151636605890096,1.1,0.47,57.0,1.0,3.0,5.5769,9.0,9.0,31.1,7.5,2.0
2.1343747458109497,1696.375524831463,798.2222393126699,35.62653505464712,0.2289999999999999,0.6813500362104402,15.55,5.126666666666667,24.33333333333333,1.525,4.027681991198191,32.5,32.550814975289875,61.0,1.7258975120852982,3866.6666666666665,4.666666666666667,1.3244098136149318,91.5,3.146868606666667,3.96,13.45,77.88635375859447,1.0528756917234925,35.97530016861878,0.3922616565772581,0.0,1.3333333333333333,5.0,61.0,5.333333333333333,337.9833333333333,0.8852234166666667,3.6666666666666665,3.656833333333333,7.05985,45.357255485332885,2.411666666666666,2.0,0.7901001395538025,1.0396615824678088,187.0,152.0,1.230263157894737,0.2098998604461974,1.1,0.47,57.0,1.0,3.5,5.5769,9.0,9.0,31.1,6.5,6.5
2.192157739660984,1493.8838541133496,692.3325060178013,36.37039394281502,0.3105,0.7176289105376079,19.75,5.286666666666667,28.33333333333333,1.465,3.387066905483596,41.5,34.23651397103521,73.0,1.6230184499533236,3816.6666666666665,4.333333333333333,1.8685985877356728,92.16666666666669,3.173978784166667,3.96,14.8,72.43635375859448,1.0585787117115515,36.654388659401526,0.4125949183937545,0.0,1.1666666666666667,6.0,61.0,6.333333333333333,340.45,0.97805675,2.1666666666666665,3.7856666666666654,6.73965,51.06715560054661,2.4066666666666667,2.08,0.8063862565504616,1.0704410372119215,199.0,156.5,1.2715654952076678,0.1936137434495384,1.19,0.8640000000000001,63.0,0.0,3.5,5.670380000000002,7.0,0.0,27.7,6.5,6.5
2.192157739660984,1489.583039392978,693.934278027986,39.08395521893294,0.3105,0.7292988636412924,19.75,5.448333333333334,21.166666666666668,1.465,3.387066905483596,41.5,34.73910700572995,71.0,1.5956442446722126,2883.333333333333,3.1666666666666665,1.8364812058188404,94.33333333333331,3.182220181666667,3.96,14.8,73.88635375859447,1.096657801382607,37.62276202277316,0.3498577983315309,0.0,1.1666666666666667,6.0,61.0,5.166666666666667,338.8833333333334,0.8381484166666665,2.1666666666666665,3.170166666666667,6.73965,49.31907800466789,2.375,2.17,0.8017142812392186,1.0704410372119215,197.0,156.5,1.2587859424920127,0.1982857187607813,1.0,0.02455,20.0,0.0,3.5,6.11316,0.0,0.0,25.0,6.5,6.5
2.192157739660984,1483.867393417357,679.1854631345795,35.99266900664943,1.1321137769905734,0.6034427486531291,9.5,5.053333333333334,19.83333333333333,1.57,3.387066905483596,19.0,25.577768124334504,61.0,1.79504565092058,3116.6666666666665,3.1666666666666665,1.948280066461746,91.83333333333331,3.073897900166667,3.96,10.55,78.55302042526114,1.0363021867304063,36.49847789824788,0.3591112746316994,0.0,1.1666666666666667,6.0,61.0,5.166666666666667,332.5833333333333,1.186261342330191,2.1666666666666665,3.2015,7.7743175,44.83660382290928,2.4266666666666667,2.2,0.8146881974144012,0.9781026729795832,187.0,143.0,1.3076923076923077,0.1853118025855987,1.1,0.47,57.0,1.0,3.0,5.5769,9.0,9.0,31.1,2.0,2.0
2.192157739660984,1642.6871723633876,766.431840123801,36.563491202138906,0.658,0.6758427183353509,16.95,5.118333333333334,28.666666666666668,1.48,3.387066905483596,45.5,32.32001443894067,61.0,1.7331129667611271,3816.6666666666665,4.0,1.3147067957746434,92.33333333333331,3.142509718000001,3.96,13.15,77.50302042526114,1.070244001254958,36.77835692289127,0.411188101112973,0.0,1.1666666666666667,8.0,61.0,6.666666666666667,339.75,1.0282234166666666,2.1666666666666665,4.283333333333333,6.883100000000001,45.67597711341894,2.3966666666666665,2.3,0.7874594430666954,1.0465014612998338,187.0,153.0,1.2222222222222223,0.2125405569333046,1.1,0.47,57.0,1.0,3.0,5.5769,9.0,9.0,31.1,4.5,2.0
3.847798793538398,1525.292133083765,674.9021817188687,36.7593525514256,0.2254999999999999,0.6136519444190089,9.3,5.283333333333334,26.0,1.805,3.387066905483596,37.5,25.46675392655208,61.0,1.6244246844823418,2783.333333333333,4.0,1.6541443026112306,92.5,3.085563082166667,3.96,11.4,84.25184189868376,0.9641879139116676,40.3773864103824,0.4013016131916064,0.0,2.833333333333333,10.0,155.10000000000002,7.0,356.6166666666668,0.88405675,2.1666666666666665,4.130166666666667,6.84438,42.31168309943371,2.505,2.05,0.8063238828616571,0.9986223094756584,187.0,146.0,1.2808219178082192,0.1936761171383428,1.1,0.47,57.0,1.0,8.0,5.5769,9.0,9.0,31.1,4.5,2.0
1.1055415967851334,2164.2459727536875,1161.5136431972437,43.47668596181432,0.396,0.6372056651216591,22.1,5.296666666666667,27.5,1.3,3.8151743807532,65.0,36.47716180479689,43.7985796885917,1.5561776533830862,2400.0,3.8333333333333335,3.168100294401011,99.33333333333331,3.213009849333333,3.52,16.7,77.10302042526114,1.1442088484576969,35.87939960920443,0.4492821241059465,0.3726779962499649,0.6666666666666666,18.0,53.89999999999998,6.833333333333333,336.25,0.95387775,2.6666666666666665,4.537,6.563235000000001,61.27917510546124,2.308333333333333,3.98,0.7566175350548335,1.1490996437802097,190.0,168.0,1.130952380952381,0.2433824649451664,0.93,0.547926,11.0,0.0,2.0,5.139076,1.0,0.0,24.11,8.0,8.0
2.249828525701843,2094.250382144196,1172.0918672796984,40.27160872296763,0.614,0.5723668568281705,17.933333333333334,5.348888888888889,25.0,1.6,3.314763086705844,57.99999999999999,33.20307883983719,56.0,1.6980540787386569,2066.6666666666665,3.4444444444444446,2.882893595289893,91.55555555555556,3.060065247555556,4.13,13.9,92.75891158362349,1.0494631196503157,33.419174510016326,0.4324166383568886,0.415739709641549,1.2222222222222223,18.0,55.89999999999998,6.777777777777778,334.8666666666667,1.0772770555555555,2.111111111111111,4.658888888888889,6.82899,67.28578863169359,2.5477777777777777,4.08,0.78493018699575,1.071581017017259,190.0,156.66666666666666,1.2127659574468086,0.21506981300425,0.93,0.547926,11.0,0.0,3.666666666666666,5.139076,1.0,0.0,24.11,6.666666666666666,6.333333333333333
2.249828525701843,2094.250382144196,1172.0918672796984,40.27160872296763,0.614,0.5723668568281705,17.933333333333334,5.348888888888889,25.0,1.6,3.314763086705844,57.99999999999999,33.20307883983719,56.0,1.6980540787386569,2066.6666666666665,3.4444444444444446,2.882893595289893,91.55555555555556,3.060065247555556,4.13,13.9,92.75891158362349,1.0494631196503157,33.419174510016326,0.4324166383568886,0.415739709641549,1.2222222222222223,18.0,55.89999999999998,6.777777777777778,334.8666666666667,1.0772770555555555,2.111111111111111,4.658888888888889,6.82899,67.28578863169359,2.5477777777777777,4.08,0.78493018699575,1.071581017017259,190.0,156.66666666666666,1.2127659574468086,0.21506981300425,0.93,0.547926,11.0,0.0,3.666666666666666,5.139076,1.0,0.0,24.11,6.666666666666666,6.333333333333333
2.249828525701843,2094.250382144196,1172.0918672796984,40.27160872296763,0.614,0.5723668568281705,17.933333333333334,5.348888888888889,25.0,1.6,3.314763086705844,57.99999999999999,33.20307883983719,56.0,1.6980540787386569,2066.6666666666665,3.4444444444444446,2.882893595289893,91.55555555555556,3.060065247555556,4.13,13.9,92.75891158362349,1.0494631196503157,33.419174510016326,0.4324166383568886,0.415739709641549,1.2222222222222223,18.0,55.89999999999998,6.777777777777778,334.8666666666667,1.0772770555555555,2.111111111111111,4.658888888888889,6.82899,67.28578863169359,2.5477777777777777,4.18,0.78493018699575,1.071581017017259,190.0,156.66666666666666,1.2127659574468086,0.21506981300425,0.93,0.547926,11.0,0.0,3.666666666666666,5.139076,1.0,0.0,24.11,6.666666666666666,6.333333333333333
2.249828525701843,2094.250382144196,1172.0918672796984,40.27160872296763,0.614,0.5723668568281705,17.933333333333334,5.348888888888889,25.0,1.6,3.314763086705844,57.99999999999999,33.20307883983719,56.0,1.6980540787386569,2066.6666666666665,3.4444444444444446,2.882893595289893,91.55555555555556,3.060065247555556,4.13,13.9,92.75891158362349,1.0494631196503157,33.419174510016326,0.4324166383568886,0.415739709641549,1.2222222222222223,18.0,55.89999999999998,6.777777777777778,334.8666666666667,1.0772770555555555,2.111111111111111,4.658888888888889,6.82899,67.28578863169359,2.5477777777777777,4.18,0.78493018699575,1.071581017017259,190.0,156.66666666666666,1.2127659574468086,0.21506981300425,0.93,0.547926,11.0,0.0,3.666666666666666,5.139076,1.0,0.0,24.11,6.666666666666666,6.333333333333333
1.939071942966532,1638.6911470758548,792.4125573692484,37.941981358589146,0.6174999999999999,0.6162300634527129,11.941698249999998,5.678,21.183333333333334,1.715,3.167272178828866,29.0,30.95569317578439,68.7985796885917,1.528667846386592,2220.0,3.096014492753623,1.886431360039993,88.4,3.0679481612000004,3.88,11.4,81.54950871303204,1.015543530010622,35.19884256049194,0.3687216896792682,0.2332741326930919,1.0,7.0,64.44999999999999,5.641333333333334,342.636,1.0772770555555555,1.6,3.2771241379310347,7.417535,44.89820797528118,2.572,2.62,,,,,,,,,,,,,,,,,
1.939071942966532,1638.6911470758548,792.4125573692484,37.941981358589146,0.6174999999999999,0.6162300634527129,11.941698249999998,5.678,21.183333333333334,1.715,3.167272178828866,29.0,30.95569317578439,68.7985796885917,1.528667846386592,2220.0,3.096014492753623,1.886431360039993,88.4,3.0679481612000004,3.88,11.4,81.54950871303204,1.015543530010622,35.19884256049194,0.3687216896792682,0.2332741326930919,1.0,7.0,64.44999999999999,5.641333333333334,342.636,1.0772770555555555,1.6,3.2771241379310347,7.417535,44.89820797528118,2.572,2.17,,,,,,,,,,,,,,,,,
1.939071942966532,1638.6911470758548,792.4125573692484,37.941981358589146,0.6174999999999999,0.6162300634527129,11.941698249999998,5.678,21.183333333333334,1.715,3.167272178828866,29.0,30.95569317578439,68.7985796885917,1.528667846386592,2220.0,3.096014492753623,1.886431360039993,88.4,3.0679481612000004,3.88,11.4,81.54950871303204,1.015543530010622,35.19884256049194,0.3687216896792682,0.2332741326930919,1.0,7.0,64.44999999999999,5.641333333333334,342.636,1.0772770555555555,1.6,3.2771241379310347,7.417535,44.89820797528118,2.572,2.3,,,,,,,,,,,,,,,,,
1.939071942966532,1638.6911470758548,792.4125573692484,37.941981358589146,0.6174999999999999,0.6162300634527129,11.941698249999998,5.678,21.183333333333334,1.715,3.167272178828866,29.0,30.95569317578439,68.7985796885917,1.528667846386592,2220.0,3.096014492753623,1.886431360039993,88.4,3.0679481612000004,3.88,11.4,81.54950871303204,1.015543530010622,35.19884256049194,0.3687216896792682,0.2332741326930919,1.0,7.0,64.44999999999999,5.641333333333334,342.636,1.0772770555555555,1.6,3.2771241379310347,7.417535,44.89820797528118,2.572,2.53,,,,,,,,,,,,,,,,,
1.939071942966532,1638.6911470758548,792.4125573692484,37.941981358589146,0.6174999999999999,0.6162300634527129,11.941698249999998,5.678,21.183333333333334,1.715,3.167272178828866,29.0,30.95569317578439,68.7985796885917,1.528667846386592,2220.0,3.096014492753623,1.886431360039993,88.4,3.0679481612000004,3.88,11.4,81.54950871303204,1.015543530010622,35.19884256049194,0.3687216896792682,0.2332741326930919,1.0,7.0,64.44999999999999,5.641333333333334,342.636,1.0772770555555555,1.6,3.2771241379310347,7.417535,44.89820797528118,2.572,2.99,,,,,,,,,,,,,,,,,
0.8,1381.3662807032752,764.4596062579108,37.94733192202055,0.079,0.6229145981320804,14.6,5.804,13.2,1.54,3.2,22.0,34.87119154832539,50.7985796885917,1.5068855298263368,1300.0,2.8,1.8433444681178404,87.0,3.0679481612000004,3.88,10.6,71.06362451031336,1.0767060880295978,34.0,0.2441176661712935,0.0,0.4,4.0,32.5,4.8,341.48,0.8973780999999998,1.6,1.9074,6.828119999999998,30.050606380271407,2.572,3.64,0.8276905731128505,1.0054621883076835,197.0,147.0,1.3401360544217686,0.1723094268871494,1.0,0.02455,20.0,0.0,2.0,6.11316,0.0,0.0,25.0,8.0,8.0
3.13581462037113,1303.145168750109,733.128590168343,25.24491147846543,1.35849113,0.5595298178573633,6.0,6.62,17.666666666666668,2.19125,2.3213980461973533,21.0,25.322777406034188,73.0,3.127392417547458,1375.0,2.5,1.5654055423937514,93.16666666666669,3.2037300385,7.960000000000001,11.575,77.17651021263056,0.7557938247667518,23.396788716023025,0.2321589855791807,0.0,2.0,8.0,120.10000000000002,6.333333333333333,348.26666666666665,1.2729849616666666,1.3333333333333333,3.709916666666667,8.958747500000001,68.14689013363024,2.404166666666667,3.61,0.8830302826783115,0.8797794147692231,197.0,128.625,1.531584062196307,0.1169697173216884,1.0,0.02455,20.0,0.0,3.0,6.11316,0.0,0.0,25.0,3.0,2.0
1.2,2176.050982698705,1260.0278123660603,43.481490314845466,0.322,0.5060241971974214,13.1,5.606,21.6,1.5,2.8,73.0,36.43295211755424,43.7985796885917,1.527057300824039,980.0,2.8,3.4632389478584,91.4,3.016720614,3.52,10.9,86.92362451031337,1.1048257781206954,30.27807382043344,0.3938591416574659,0.4,0.6,18.0,51.69999999999999,7.6,333.06,1.0506533,1.4,4.2144,7.54957,62.66976283946564,2.55,4.05,0.8053155838341276,1.0191419459717337,190.0,149.0,1.2751677852348993,0.1946844161658724,0.93,0.547926,11.0,0.0,3.0,5.139076,1.0,0.0,24.11,7.0,7.0
1.6,1908.5163054330976,1050.0280445473825,43.32389640833336,0.917406,0.5064479651497334,15.7,5.604000000000001,15.2,1.6,2.4,41.0,36.31859028101173,44.0,1.5300666652142971,2220.0,2.8,2.829392492091042,91.2,3.0174503276,3.53,10.8,80.92362451031337,1.086388512457675,29.470982488498827,0.3432418534832073,0.4898979485566356,0.8,5.0,51.69999999999999,4.8,332.96,1.1697345,1.2,2.5976,6.75885,52.10165706077522,2.57,3.41,0.8135836707891042,0.9986223094756584,190.0,146.0,1.3013698630136987,0.1864163292108958,0.93,0.547926,11.0,0.0,4.0,5.139076,1.0,0.0,24.11,7.0,6.0
1.4177446878757824,2047.7990804041297,1160.9919599790517,43.4028800887683,0.619703,0.506236256995965,14.4,5.605,18.4,1.55,2.6095976701399777,57.0,36.37595359574784,44.0,1.5285630507113537,1600.0,2.8,3.1671203521534683,91.3,3.017085470800001,3.53,10.85,83.92362451031337,1.095691562438992,29.878759705792856,0.3696401449042997,0.458257569495584,0.7,18.0,51.69999999999999,6.2,333.01,1.1101939,1.3,3.406,7.15421,57.70650675111733,2.56,3.53,0.8094285138106677,1.008882127723696,190.0,147.5,1.2881355932203389,0.1905714861893322,0.93,0.547926,11.0,0.0,3.5,5.139076,1.0,0.0,24.11,7.0,6.5
1.4177446878757824,2048.598450703309,1152.6511099617264,33.19472849715749,0.619703,0.310869221349018,14.4,5.457000000000001,16.8,1.55,2.6095976701399777,57.0,36.03401171115978,9.0,1.6825935338042874,1960.0,2.8,3.017423506825422,84.1,2.8834650204000005,3.53,10.85,84.86362451031337,1.0808977750000228,29.9933486036138,1.105100199682375,0.4582575694955839,0.7,18.0,104.9,6.2,322.37,1.1242185,1.3,3.3186,7.15421,56.45921454764811,2.5700000000000003,4.3,0.7251635575319805,1.008882127723696,155.0,147.5,1.0508474576271187,0.2748364424680195,0.98,0.618049,3.0,0.0,3.5,5.391719,1.0,0.0,24.33,7.0,6.5
1.4177446878757824,2050.399187247205,1163.0543127472597,54.450803483511606,0.619703,1.0214590239041414,14.4,5.805000000000001,20.0,1.55,2.6095976701399777,57.0,36.71906861563893,89.0,1.395172032403173,1720.0,2.8,3.209024114118511,97.9,3.2943910276,3.53,10.85,83.28362451031337,1.1288029057368696,36.9692322478255,0.3428661029770553,0.458257569495584,0.7,18.0,64.69999999999999,6.2,349.59000000000003,1.1009027,1.3,3.383,7.15421,58.57505920432305,2.5380000000000003,3.48,0.9177691718832656,1.008882127723696,235.0,147.5,1.5932203389830508,0.0822308281167344,0.82,0.50147,19.0,0.0,3.5,4.3406633,1.0,0.0,43.06,7.0,6.5
2.718042512920064,1696.4636329200837,671.8828080514503,36.25983328979991,1.156,0.6972424097037353,6.8,5.477142857142858,24.857142857142858,1.91,3.943478211954932,28.0,29.94143944299217,63.0,1.5637565967494913,3142.8571428571427,4.0,0.2669738536842893,86.71428571428571,3.0936507342857142,3.31,6.6,77.20345191458416,1.0544424970532231,38.13830898512542,0.4032012675579114,0.0,1.4285714285714286,7.0,68.80000000000001,5.714285714285714,341.11428571428576,1.134350571428571,2.857142857142857,3.685428571428572,7.6398,46.925331116988254,2.552857142857143,2.4,0.8719753713050267,0.8481449751711072,187.0,124.0,1.5080645161290325,0.1280246286949733,1.1,0.47,57.0,1.0,8.0,5.5769,9.0,9.0,31.1,2.0,2.0
1.939071942966532,1638.6911470758548,792.4125573692484,37.941981358589146,0.6174999999999999,0.6162300634527129,11.941698249999998,5.678,21.183333333333334,1.715,3.167272178828866,29.0,30.95569317578439,68.7985796885917,1.528667846386592,2220.0,3.096014492753623,1.886431360039993,88.4,3.0679481612000004,3.88,11.4,81.54950871303204,1.015543530010622,35.19884256049194,0.3687216896792682,0.2332741326930919,1.0,7.0,64.44999999999999,5.641333333333334,342.636,1.0772770555555555,1.6,3.2771241379310347,7.417535,44.89820797528118,2.572,2.1,,,,,,,,,,,,,,,,,
1.939071942966532,1638.6911470758548,792.4125573692484,37.941981358589146,0.6174999999999999,0.6162300634527129,11.941698249999998,5.678,21.183333333333334,1.715,3.167272178828866,29.0,30.95569317578439,68.7985796885917,1.528667846386592,2220.0,3.096014492753623,1.886431360039993,88.4,3.0679481612000004,3.88,11.4,81.54950871303204,1.015543530010622,35.19884256049194,0.3687216896792682,0.2332741326930919,1.0,7.0,64.44999999999999,5.641333333333334,342.636,1.0772770555555555,1.6,3.2771241379310347,7.417535,44.89820797528118,2.572,2.15,,,,,,,,,,,,,,,,,
1.939071942966532,1638.6911470758548,792.4125573692484,37.941981358589146,0.6174999999999999,0.6162300634527129,11.941698249999998,5.678,21.183333333333334,1.715,3.167272178828866,29.0,30.95569317578439,68.7985796885917,1.528667846386592,2220.0,3.096014492753623,1.886431360039993,88.4,3.0679481612000004,3.88,11.4,81.54950871303204,1.015543530010622,35.19884256049194,0.3687216896792682,0.2332741326930919,1.0,7.0,64.44999999999999,5.641333333333334,342.636,1.0772770555555555,1.6,3.2771241379310347,7.417535,44.89820797528118,2.572,2.0,,,,,,,,,,,,,,,,,
0.8,1396.8016268117674,752.0965427390289,42.51305681787655,0.079,0.9287532170410508,14.6,5.692,20.4,1.54,3.2,22.0,35.539274049985885,75.7985796885917,1.5398233664937029,1120.0,2.8,1.851027323988916,89.8,3.2282759586,3.88,10.6,69.58362451031337,1.1092339699089635,39.193877072828606,0.3687216896792682,0.0,0.4,4.0,52.80000000000001,4.8,347.56,0.9213921,1.6,2.2974,6.828119999999998,32.73879766229261,2.55,3.38,0.887982469076002,1.0054621883076835,222.0,147.0,1.510204081632653,0.112017530923998,0.89,0.14462,56.0,0.0,2.0,5.211664,0.0,0.0,39.7,8.0,8.0
0.8,1396.8016268117674,752.0965427390289,42.51305681787655,0.079,0.9287532170410508,14.6,5.692,20.4,1.54,3.2,22.0,35.539274049985885,75.7985796885917,1.5398233664937029,1120.0,2.8,1.851027323988916,89.8,3.2282759586,3.88,10.6,69.58362451031337,1.1092339699089635,39.193877072828606,0.3687216896792682,0.0,0.4,4.0,52.80000000000001,4.8,347.56,0.9213921,1.6,2.2974,6.828119999999998,32.73879766229261,2.55,3.27,0.887982469076002,1.0054621883076835,222.0,147.0,1.510204081632653,0.112017530923998,0.89,0.14462,56.0,0.0,2.0,5.211664,0.0,0.0,39.7,8.0,8.0
0.8,1396.8016268117674,752.0965427390289,42.51305681787655,0.079,0.9287532170410508,14.6,5.692,20.4,1.54,3.2,22.0,35.539274049985885,75.7985796885917,1.5398233664937029,1120.0,2.8,1.851027323988916,89.8,3.2282759586,3.88,10.6,69.58362451031337,1.1092339699089635,39.193877072828606,0.3687216896792682,0.0,0.4,4.0,52.80000000000001,4.8,347.56,0.9213921,1.6,2.2974,6.828119999999998,32.73879766229261,2.55,3.2,0.887982469076002,1.0054621883076835,222.0,147.0,1.510204081632653,0.112017530923998,0.89,0.14462,56.0,0.0,2.0,5.211664,0.0,0.0,39.7,8.0,8.0
0.8,1396.8016268117674,752.0965427390289,42.51305681787655,0.079,0.9287532170410508,14.6,5.692,20.4,1.54,3.2,22.0,35.539274049985885,75.7985796885917,1.5398233664937029,1120.0,2.8,1.851027323988916,89.8,3.2282759586,3.88,10.6,69.58362451031337,1.1092339699089635,39.193877072828606,0.3687216896792682,0.0,0.4,4.0,52.80000000000001,4.8,347.56,0.9213921,1.6,2.2974,6.828119999999998,32.73879766229261,2.55,3.2,0.887982469076002,1.0054621883076835,222.0,147.0,1.510204081632653,0.112017530923998,0.89,0.14462,56.0,0.0,2.0,5.211664,0.0,0.0,39.7,8.0,8.0
1.2,2361.6429394842908,1250.1472434333484,35.97999444135588,-0.8259999999999998,0.4985726308969626,5.1,4.377599999999999,30.8,2.5266666666666664,2.8,29.0,29.579722784367,90.0,1.2557096161135346,2980.0,5.2,2.64142293539872,88.2,3.25402344,3.52,15.166666666666666,83.96716132118806,0.929429932808278,34.331326802207926,0.3652772278938725,0.0,0.6,14.0,49.0,8.0,351.92,-0.0109772999999999,1.4,5.2384,12.205923333333333,59.936913713329965,2.43,2.09,0.9023023652679236,0.7592265503547815,182.0,111.0,1.6396396396396395,0.0976976347320762,1.13,0.962,59.0,0.0,1.0,5.473,11.0,0.0,28.2,4.333333333333333,2.333333333333333
1.2,2298.3083645185648,1254.59020969558,35.70434147271169,-0.8259999999999998,0.4864949645002758,5.1,4.3756,31.0,2.5266666666666664,2.8,29.0,29.890466707631045,90.0,1.2568424881424085,2980.0,5.0,2.643848192131016,88.0,3.247264128,3.52,15.166666666666666,84.56716132118807,0.9266369299785112,36.87645704914596,0.3624603811067539,0.0,0.6,14.0,49.0,8.2,351.3,0.1798227,1.4,5.285200000000001,12.205923333333333,59.39623752304296,2.432,2.16,0.9023023652679236,0.7592265503547815,182.0,111.0,1.6396396396396395,0.0976976347320762,1.14,1.916,60.0,0.0,1.0,5.525,10.0,0.0,31.4,4.333333333333333,2.333333333333333
1.2,2187.4660218654826,1257.8668975149956,34.89183285526858,-0.8259999999999998,0.4641203545045736,5.1,5.4436,31.4,2.5266666666666664,2.8,29.0,30.51819129633996,89.0,2.147935622871412,2980.0,4.6,2.654259495816434,87.4,3.2346226944,5.69,15.166666666666666,85.76716132118807,0.9183114939931876,35.25859157677256,0.3679234866090382,0.0,0.6,14.0,49.0,8.6,350.2,0.3085053542685896,1.4,5.3878,12.205923333333333,58.37389694651956,2.438,2.25,0.8995531316893127,0.7592265503547815,181.0,111.0,1.6306306306306306,0.1004468683106872,1.17,2.559413271342948,62.0,0.0,1.0,5.6437,8.0,0.0,28.8,4.333333333333333,2.333333333333333
1.1661903789690602,2325.089842740705,1275.9111714629666,35.16020477756067,-0.8259999999999998,0.4471535117054399,5.1,4.3716,31.8,2.5266666666666664,3.9698866482558417,29.0,30.835044997534865,87.0,1.259143296054901,2980.0,6.2,2.666930902320145,87.6,3.2249177378,3.52,15.166666666666666,85.76716132118807,0.9073389664287542,35.43218875542407,0.3571937341913424,0.0,0.8,14.0,49.0,9.0,347.16,0.4117917034987496,3.2,5.463800000000001,12.205923333333333,58.37389694651956,2.446,2.35,0.8940546645320909,0.7592265503547815,179.0,111.0,1.6126126126126126,0.105945335467909,1.21,3.075845017493748,64.0,1.0,1.0,6.1498,16.0,9.0,23.5,4.333333333333333,2.333333333333333
0.806225774829855,1578.0414907359057,757.4140238891804,39.02627320152413,0.2093333333333333,0.5575900643022949,20.1,5.486,16.0,1.393333333333333,3.827531841800928,33.666666666666664,33.26800264518445,43.7985796885917,1.6820178358150666,1580.0,3.8,1.7245849514030036,87.5,3.030109008,3.88,14.566666666666666,71.09362451031336,1.0730074557056908,32.09144713377112,0.3277864459385049,0.3,0.5,5.0,53.89999999999998,4.8,338.55,0.9942607,2.5,2.3095000000000003,6.411046666666665,30.38656325337549,2.575,3.19,0.7755411134303647,1.096660572734684,190.0,160.33333333333331,1.1850311850311852,0.2244588865696353,0.93,0.547926,11.0,0.0,1.6666666666666663,5.139076,1.0,0.0,24.11,8.333333333333332,8.333333333333332
1.002546757014355,1581.7906612415563,767.0701630952934,38.60752646829372,0.2556129032258064,0.5633538039147528,20.26129032258065,5.479800000000001,16.500000000000004,1.3916129032258064,3.811705654952911,34.54838709677419,32.835170168586004,60.0,1.6884033759738817,1704.0,3.84,1.754229459281777,87.17,3.02520246052,3.95,14.60516129032258,72.31062451031336,1.068337114397885,32.42118683045497,0.3341413833236386,0.3128897569432403,0.5700000000000001,5.0,53.89999999999998,4.86,338.785,1.00522144,2.53,2.4140900000000003,6.38016387096774,32.035345406180454,2.5791,2.9,0.776140076604005,1.095042536881947,190.0,160.09677419354836,1.1867821881926257,0.223859923395995,0.93,0.547926,11.0,0.0,1.8387096774193543,5.139076,1.0,0.0,24.11,8.225806451612902,8.161290322580644
1.162067123706716,1585.4170530355727,776.4155004672176,38.181335754528014,0.299,0.5690168613894137,20.4125,5.473599999999999,17.0,1.39,3.7955763725684655,35.375,32.39298689531424,60.0,1.6947421750815077,1828.0,3.88,1.7805297670868103,86.83999999999999,3.02029591304,3.95,14.64125,73.52762451031334,1.0636304621436905,32.7465123471509,0.340025247530052,0.3249615361854384,0.6399999999999999,5.0,53.89999999999998,4.919999999999999,339.02,1.01618218,2.56,2.5186800000000003,6.351211249999999,33.55922088242193,2.5832,2.6,0.7767024454378874,1.093525628270006,190.0,159.875,1.1884284597341672,0.2232975545621126,0.93,0.547926,11.0,0.0,2.0,5.139076,1.0,0.0,24.11,8.125,8.0
1.2984221193433207,1588.9215067708662,785.4611297500088,37.74744892042375,0.3397575757575757,0.5745822136903906,20.55454545454545,5.467400000000001,17.5,1.3884848484848484,3.7791401138354215,36.15151515151516,31.941064478191706,60.0,1.7010347556707943,1952.0000000000005,3.920000000000001,1.80363217470088,86.51000000000002,3.015389365560001,3.95,14.675151515151514,74.74462451031337,1.058887014747088,33.067553966995284,0.3454621091614992,0.3363034344160047,0.7100000000000001,5.0,53.89999999999998,4.980000000000001,339.25500000000005,1.0271429200000002,2.5900000000000003,2.62327,6.324013333333333,34.97452042812141,2.5873000000000004,2.35,0.7772314741805224,1.0921006535133342,190.0,159.66666666666666,1.1899791231732777,0.2227685258194776,0.93,0.547926,11.0,0.0,2.1515151515151514,5.139076,1.0,0.0,24.11,8.030303030303031,7.848484848484849
1.418308852119312,1592.3048275565832,794.2172914626325,37.30559743523752,0.3781176470588235,0.5800526731400288,20.68823529411765,5.461200000000001,18.0,1.387058823529412,3.762392855617287,36.88235294117648,31.478983465162912,60.0,1.7072816287888768,2076.0,3.960000000000001,1.8236582207787944,86.17999999999999,3.0104828180800003,3.95,14.707058823529414,75.96162451031337,1.0541062754770032,33.3844352785753,0.350472771802247,0.3469870314579494,0.78,5.0,53.89999999999998,5.040000000000001,339.49,1.0381036599999998,2.62,2.72786,6.298415294117647,36.293948174853874,2.5914,2.25,0.7777300423320365,1.0907595008011726,190.0,159.47058823529412,1.1914422722242717,0.2222699576679635,0.93,0.547926,11.0,0.0,2.294117647058824,5.139076,1.0,0.0,24.11,7.9411764705882355,7.705882352941177
1.5256146302392355,1595.5677859617874,802.6934586104461,36.85549484133946,0.4142857142857142,0.5854308998746903,20.81428571428572,5.455000000000001,18.5,1.3857142857142857,3.7453304260105007,37.57142857142857,31.00628968451401,60.0,1.7134832943451768,2200.0,4.0,1.8407083161858564,85.85,3.0055762706,3.95,14.737142857142857,77.17862451031337,1.0492877346085772,33.697273649804686,0.3550752788961635,0.3570714214271425,0.85,5.0,53.89999999999998,5.1,339.725,1.0490644000000002,2.65,2.83245,6.274279999999999,37.52761771097223,2.5955,2.15,0.7782007070781064,1.0894949853868483,190.0,159.28571428571428,1.1928251121076234,0.2217992929218936,0.93,0.547926,11.0,0.0,2.4285714285714284,5.139076,1.0,0.0,24.11,7.857142857142857,7.571428571428571
1.939071942966532,1610.101809409579,841.160889247711,34.46969683649684,0.6659999999999999,0.6110223292473586,11.6,5.424,21.0,1.66,3.655133376499413,24.0,28.46471499945152,57.0,1.7438302669698105,2820.0,4.2,1.883655705680265,84.2,2.9810435332000003,3.95,7.23,83.26362451031336,1.0246091937904909,35.204545161101,0.3724484235775206,0.4,1.2,3.0,49.89999999999998,5.4,340.9,1.1038681,2.8,3.3554000000000004,6.76651,42.65262601259578,2.616,2.7,0.8530332086545543,0.8891842481632576,187.0,130.0,1.4384615384615385,0.1469667913454456,1.1,0.47,57.0,1.0,5.0,5.5769,9.0,9.0,31.1,6.0,5.0
2.276449477195184,1850.1934074630024,964.0916142206956,35.878645812786004,0.8430013999999999,0.6542665464017446,13.9933586,5.677999999999999,18.53333333333333,1.6820000000000004,2.8487814158961995,33.60000000000001,28.85180525836584,136.0,1.5385413004964583,2649.0374757468426,2.933333333333333,2.092816414885515,84.76132884080135,2.9583625136000005,3.53,12.96,90.81563208981888,0.9606539439361084,34.30444041949038,0.3746340727668045,0.4,1.1333333333333333,9.0,80.70000000000005,5.333333333333333,338.0866666666667,1.1608685666666667,1.5333333333333334,3.0095866666666664,8.0665686,43.11271876763839,2.688,3.49,0.9037745578028809,0.932959472688218,215.0,136.4,1.5762463343108504,0.0962254421971191,0.95,0.048,38.0,0.0,3.4000000000000004,5.69485,0.0,0.0,27.6,5.2,4.6000000000000005
2.276449477195184,1822.1719402678648,953.7910168491956,47.186815484365496,0.7017624,1.0081234147883964,19.380000000000003,5.831333333333332,22.133333333333333,1.4320000000000002,2.8487814158961995,41.0,33.623140179875456,143.0,1.450865795156656,2813.333333333333,2.933333333333333,2.3214921140760705,91.26666666666668,3.210053240533334,3.53,16.880000000000003,87.13565612140569,1.0669133048190935,38.125031905555,0.3914491225062108,0.4,1.1333333333333333,9.0,168.3,5.333333333333333,348.96,1.1420306333333334,1.5333333333333334,3.1297333333333333,6.485850000000001,47.94427717342867,2.594,3.48,0.943112287879173,1.1190041769192998,267.0,163.60000000000002,1.6320293398533006,0.0568877121208269,0.79,0.4716260000000001,55.0,0.0,3.4000000000000004,3.893905,1.0,0.0,59.42,5.0,4.6000000000000005
2.276449477195184,1819.9360650398928,952.0994057307718,40.084909878905805,0.8017476,0.67172456280147,18.682,5.709999999999999,19.2,1.4280000000000004,2.8487814158961995,35.6,33.22542533796804,91.0,1.5026820466530282,2486.6666666666665,2.933333333333333,2.2741447611888432,88.0,3.059466016333334,3.53,14.88,87.44898945473902,1.0515934998319878,34.11746438045219,0.3807360348713061,0.4,1.1333333333333333,9.0,80.70000000000005,5.333333333333333,338.7333333333333,1.1471173,1.5333333333333334,3.0696,6.374695200000001,47.39647516502355,2.603333333333333,2.84,0.837948764856361,1.0848047827591745,215.0,158.60000000000002,1.355611601513241,0.1620512351436389,0.95,0.048,38.0,0.0,3.4000000000000004,5.69485,0.0,0.0,27.6,5.200000000000001,4.6000000000000005
1.6,1910.5260085808827,1051.9650366813528,54.4,0.917406,1.0214649173545167,15.7,5.804,16.8,1.6,2.4,41.0,36.66278767360715,89.0,1.396962418964805,2340.0,2.8,2.874231136346179,97.8,3.2947558844,3.53,10.8,80.28362451031337,1.1199714282069877,36.68490614726288,0.3180244924976511,0.4898979485566356,0.8,5.0,64.69999999999999,4.8,349.54,1.1604433,1.2,2.5746,6.75885,53.02583622963272,2.548,3.82,0.92248048970081,0.9986223094756584,235.0,146.0,1.6095890410958904,0.07751951029919,0.82,0.50147,19.0,0.0,4.0,4.3406633,1.0,0.0,43.06,7.0,6.0
1.6,1910.5260085808827,1051.9650366813528,54.4,0.917406,1.0214649173545167,15.7,5.804,16.8,1.6,2.4,41.0,36.66278767360715,89.0,1.396962418964805,2340.0,2.8,2.874231136346179,97.8,3.2947558844,3.53,10.8,80.28362451031337,1.1199714282069877,36.68490614726288,0.3180244924976511,0.4898979485566356,0.8,5.0,64.69999999999999,4.8,349.54,1.1604433,1.2,2.5746,6.75885,53.02583622963272,2.548,3.3,0.92248048970081,0.9986223094756584,235.0,146.0,1.6095890410958904,0.07751951029919,0.82,0.50147,19.0,0.0,4.0,4.3406633,1.0,0.0,43.06,7.0,6.0
1.8070158058105024,2224.802377653405,1213.501464392043,30.719268698778546,0.917406,0.3080977308541255,15.7,5.821428571428571,17.428571428571427,1.6,2.710523708715753,41.0,21.68418966972603,0.2014203114082988,1.5946914486277686,2785.714285714286,3.4285714285714284,2.410798345137749,76.42857142857143,2.825751901285714,3.53,10.8,102.93288632180165,0.8312272706728311,28.46049894151541,0.3664567685704398,0.4517539514526256,1.1428571428571428,1.0,33.5,5.714285714285714,340.42857142857144,1.3057685,1.7142857142857142,3.2692857142857146,6.75885,42.41696706330797,2.914285714285714,3.15,0.7071067811865475,0.9986223094756584,146.0,146.0,1.0,0.2928932188134525,1.6,0.917406,41.0,4.0,4.0,6.75885,7.0,6.0,15.7,7.0,6.0
1.2,2176.050982698705,1260.0278123660603,43.481490314845466,0.322,0.5060241971974214,13.1,5.606,21.6,1.5,2.8,73.0,36.43295211755424,43.7985796885917,1.527057300824039,980.0,2.8,3.4632389478584,91.4,3.016720614,3.52,10.9,86.92362451031337,1.1048257781206954,30.27807382043344,0.3938591416574659,0.4,0.6,18.0,51.69999999999999,7.6,333.06,1.0506533,1.4,4.2144,7.54957,62.66976283946564,2.55,3.62,0.8053155838341276,1.0191419459717337,190.0,149.0,1.2751677852348993,0.1946844161658724,0.93,0.547926,11.0,0.0,3.0,5.139076,1.0,0.0,24.11,7.0,7.0
3.670452590924207,2025.357554173392,1163.7411369515703,43.47668596181432,0.812,0.4667673325454706,9.94,5.353333333333334,25.83333333333333,1.715,2.6087459737497545,60.0,33.26868731338157,46.0,1.5041461217433485,1016.6666666666666,2.5,3.3190049968954622,99.33333333333331,3.046680596,3.52,10.6,89.10302042526114,1.0346926543128103,35.40880761042202,0.4405045901082974,0.4714045207910317,2.1666666666666665,18.0,51.69999999999999,8.166666666666666,330.01666666666665,1.092544416666667,1.1666666666666667,5.262,7.562900000000001,57.41659003632584,2.4466666666666668,3.6,0.8121938864998385,1.002042248891671,190.0,146.5,1.2969283276450512,0.1878061135001615,0.93,0.547926,11.0,0.0,6.5,5.139076,1.0,0.0,24.11,4.0,3.5
1.118033988749895,2048.950786953736,1179.255955061166,41.382027768370925,-0.5389999999999999,0.4627675546571976,7.1,5.344833333333334,19.166666666666668,2.27,2.6087459737497545,40.0,34.72591091517815,98.0,1.511387929097696,1033.3333333333333,2.833333333333333,3.32174185142255,86.16666666666667,3.029130847833333,3.52,14.1,81.99716757154597,1.0249620589183883,29.00718670625272,0.3636903133820241,0.372677996249965,0.5,18.0,67.69999999999999,7.166666666666667,338.55,0.6422110833333334,1.1666666666666667,3.6466666666666665,11.041835,58.26032842747031,2.6316666666666664,3.57,0.8913724713920335,0.8242053992590195,190.0,120.5,1.5767634854771784,0.1086275286079665,0.93,0.547926,11.0,0.0,1.5,5.139076,1.0,0.0,24.11,5.0,3.5
2.4,1641.2145538789252,736.1502194525245,33.84434960226005,0.151,0.5946540021151979,8.4,5.406000000000001,21.8,1.83,1.6,26.0,28.5657137141714,56.0,1.762289420044279,2680.0,4.2,1.4097886201401355,83.6,2.9638431000000005,3.96,7.1,85.46362451031337,0.9853852038669954,31.466807909287525,0.3814971400519141,0.0,1.2,3.0,69.40000000000003,6.2,340.36,1.0992681,0.8,3.6188,7.9024,46.03744734371122,2.656,2.08,0.8525798639542462,0.8618247328351574,182.0,126.0,1.4444444444444444,0.1474201360457537,1.13,0.962,59.0,0.0,6.0,5.473,11.0,0.0,28.2,4.0,4.0
2.4,1641.2145538789252,736.1502194525245,33.84434960226005,0.151,0.5946540021151979,8.4,5.406000000000001,21.8,1.83,1.6,26.0,28.5657137141714,56.0,1.762289420044279,2680.0,4.2,1.4097886201401355,83.6,2.9638431000000005,3.96,7.1,85.46362451031337,0.9853852038669954,31.466807909287525,0.3814971400519141,0.0,1.2,3.0,69.40000000000003,6.2,340.36,1.0992681,0.8,3.6188,7.9024,46.03744734371122,2.656,2.03,0.8525798639542462,0.8618247328351574,182.0,126.0,1.4444444444444444,0.1474201360457537,1.13,0.962,59.0,0.0,6.0,5.473,11.0,0.0,28.2,4.0,4.0
2.4,1641.2145538789252,736.1502194525245,33.84434960226005,0.151,0.5946540021151979,8.4,5.406000000000001,21.8,1.83,1.6,26.0,28.5657137141714,56.0,1.762289420044279,2680.0,4.2,1.4097886201401355,83.6,2.9638431000000005,3.96,7.1,85.46362451031337,0.9853852038669954,31.466807909287525,0.3814971400519141,0.0,1.2,3.0,69.40000000000003,6.2,340.36,1.0992681,0.8,3.6188,7.9024,46.03744734371122,2.656,1.88,0.8525798639542462,0.8618247328351574,182.0,126.0,1.4444444444444444,0.1474201360457537,1.13,0.962,59.0,0.0,6.0,5.473,11.0,0.0,28.2,4.0,4.0
0.8,1372.6592299125082,756.3194626611165,41.182520563948,0.079,0.8283531951513585,14.6,5.904000000000001,16.8,1.54,3.2,22.0,35.204545161101,68.7985796885917,1.505291998251502,1360.0,2.8,1.926638355259929,89.0,3.1762870428000003,3.88,10.6,82.15971934359035,1.0913917720049018,35.902089075707,0.3343075261185155,0.0,0.4,4.0,46.60000000000002,4.8,346.32,0.9020681,1.6,2.1054000000000004,6.828119999999998,13.99078328129213,2.5620000000000003,3.05,0.8711007382063196,1.0054621883076835,215.0,147.0,1.4625850340136055,0.1288992617936804,0.95,0.048,38.0,0.0,2.0,5.69485,0.0,0.0,27.6,8.0,8.0
1.5275252316519468,2193.996895222785,1330.598824673396,39.32944896074131,0.44763,0.7561798547086959,12.85,5.446666666666668,26.33333333333333,1.95,3.34995854037363,48.0,32.89207942482337,74.0,1.712898777576253,2300.0,3.333333333333333,3.5301658057805696,94.16666666666669,3.1765901608333333,3.88,10.065,120.13309945299196,0.9991399078985664,35.11133087132351,0.39651851245303,0.0,1.0,18.0,54.5,7.333333333333333,340.2,0.8877667499999999,2.333333333333333,4.971166666666667,7.346074999999999,85.86621181826348,2.5283333333333333,2.95,0.8801058706133722,0.9849425518116084,215.0,144.0,1.4930555555555556,0.1198941293866278,0.95,0.048,38.0,0.0,3.0,5.69485,0.0,0.0,27.6,7.0,7.0
1.3919410907075054,1968.13498898105,1197.2878139257075,34.06037837429291,1.262367015,0.6961969363747745,7.875,6.702500000000001,23.75,2.265,3.072051431861127,32.0,30.224162519414826,88.0,2.632844232004621,1900.0,3.0,3.179559528932266,94.125,3.3130137593750004,7.52,12.7825,92.02482458974396,0.8655697184513793,30.612242240646143,0.3436906055679545,0.0,0.75,18.0,93.89999999999998,7.0,356.025,1.18510107,1.75,4.245875,8.8530425,88.88183220646312,2.54125,2.45,0.9066620018957204,0.9268035817393954,215.0,135.5,1.5867158671586716,0.0933379981042796,0.95,0.048,38.0,0.0,1.5,5.69485,0.0,0.0,27.6,4.5,3.5
1.3343958351621,2340.059550041147,1210.3148116007264,32.018250535389015,-0.3507991428571428,0.3513911154403409,9.228571428571428,4.934785714285715,22.642857142857142,2.1557142857142857,3.577851367533769,28.14285714285714,23.81615383880171,75.0,1.6717382390182736,1828.571428571429,4.214285714285714,2.369370109015876,81.78571428571429,3.002500942714286,3.88,14.042857142857144,99.37505087087476,0.9032698536824024,30.75213614614472,0.3668242783661543,0.2575393768188563,0.9285714285714286,15.0,53.60000000000002,7.214285714285714,341.10714285714283,0.4517919285714286,2.642857142857143,4.207,10.196105714285713,45.69498530489902,2.645,1.6,0.8153254607887926,0.8579162306454287,167.0,125.42857142857142,1.3314350797266516,0.1846745392112073,1.3,0.014,72.0,2.0,1.5714285714285712,6.825069999999998,8.0,8.0,16.2,5.571428571428571,4.142857142857142
1.28564869306645,1801.2969155858711,979.186206677314,29.299450816059966,0.8358005,0.3012679435831256,8.183396499999999,5.523636363636364,12.909090909090908,1.9,3.302891295379082,21.0,22.09521095412845,68.0,1.7394788808317003,1612.323830563876,3.4545454545454546,1.9006237639419643,79.03817569200186,2.775806589727273,3.88,12.45,89.04926595271397,0.8442356805404049,28.109960591831847,0.2950025088574661,0.385694607919935,0.7272727272727273,5.0,61.39999999999998,5.090909090909091,335.46363636363634,1.0961268636363637,2.0,2.342163636363636,10.1786465,29.60899094717154,2.8145454545454545,3.25,0.8014053896811221,0.769486368602819,147.0,112.5,1.3066666666666666,0.1985946103188779,1.54,0.079,22.0,2.0,2.0,6.828119999999998,8.0,8.0,14.6,4.0,3.0
1.28564869306645,1801.2969155858711,979.186206677314,29.299450816059966,0.8358005,0.3012679435831256,8.183396499999999,5.523636363636364,12.909090909090908,1.9,3.302891295379082,21.0,22.09521095412845,68.0,1.7394788808317003,1612.323830563876,3.4545454545454546,1.9006237639419643,79.03817569200186,2.775806589727273,3.88,12.45,89.04926595271397,0.8442356805404049,28.109960591831847,0.2950025088574661,0.385694607919935,0.7272727272727273,5.0,61.39999999999998,5.090909090909091,335.46363636363634,1.0961268636363637,2.0,2.342163636363636,10.1786465,29.60899094717154,2.8145454545454545,3.34,0.8014053896811221,0.769486368602819,147.0,112.5,1.3066666666666666,0.1985946103188779,1.54,0.079,22.0,2.0,2.0,6.828119999999998,8.0,8.0,14.6,4.0,3.0
2.727636339397171,1649.8262477800504,721.8855488233575,33.356258783023016,0.66225646,0.6162300634527129,7.5,5.35,21.6,1.88,3.49857113690718,27.0,27.52453451014204,62.0,1.8545511586365044,2820.0,3.6,0.9147571543102216,82.6,2.9647088270000004,4.32,6.7,87.26362451031336,0.9866306299725344,34.4,0.3777261198229775,0.0,1.6,6.0,65.0,6.0,337.88,1.103119392,2.4,3.6994,7.881010000000002,49.97136689833345,2.66,2.88,0.8687601397243668,0.8549848540031323,187.0,125.0,1.496,0.1312398602756331,1.1,0.47,57.0,1.0,7.0,5.5769,9.0,9.0,31.1,3.0,3.0
3.0135693122939777,1638.2606083355604,700.0062452749976,33.73060331509058,0.7768051680000001,0.6153284485792611,7.24,5.394,21.68,1.884,3.527265229607776,27.4,27.382797519610737,62.0,1.7988618624007793,2760.0,3.5200000000000005,0.8856231349566404,83.08,2.9675713765600005,4.32,6.78,85.66362451031337,0.9860057606322592,35.192362807859325,0.3803947844739286,0.1959591794226542,1.7200000000000002,8.0,65.0,6.08,340.372,1.1260291336,2.28,3.7018,7.850084000000002,47.5586070876856,2.6608,2.69,0.8668423569429621,0.8590887813023472,187.0,125.6,1.4888535031847134,0.1331576430570379,1.1,0.47,57.0,1.0,7.6,5.5769,9.0,9.0,31.1,2.6000000000000005,2.4000000000000004
3.145091413615827,1632.4133166891284,688.6585818705812,33.913678656259044,0.834079522,0.6148721478913204,7.109999999999999,5.416,21.72,1.886,3.54,27.6,27.310247161093216,62.0,1.7699502817875987,2730.0,3.4799999999999995,0.8626890215472052,83.32000000000001,2.9690026513400007,4.32,6.819999999999999,84.86362451031337,0.9856929339302376,35.57221387543935,0.3817141968596252,0.2374868417407583,1.7799999999999998,8.0,65.0,6.12,341.618,1.1374840044,2.22,3.703,7.834621000000002,46.28437001123986,2.6612,2.54,0.865886637172057,0.8611407449519548,187.0,125.9,1.4853057982525812,0.1341133628279429,1.1,0.47,57.0,1.0,7.899999999999999,5.5769,9.0,9.0,31.1,2.3999999999999995,2.1
3.270229349755151,1626.5224268309366,677.0207835628091,34.09408159783747,0.891353876,0.614412174178718,6.98,5.438000000000001,21.76,1.888,3.5516756608676983,27.8,27.236563659903943,62.0,1.740280437170975,2700.0,3.44,0.8336005061426331,83.56,2.970433926120001,4.32,6.859999999999999,84.06362451031336,0.9853798455418092,35.94164158744005,0.3830237999307757,0.2712931993250107,1.84,8.0,65.0,6.159999999999999,342.864,1.1489388752,2.16,3.7042,7.819158000000002,44.95981212765308,2.6616,2.72,0.8649330224998037,0.8631927086015624,187.0,126.2,1.4817749603803487,0.1350669775001962,1.1,0.47,57.0,1.0,8.2,5.5769,9.0,9.0,31.1,2.2,1.7999999999999998
3.145091413615827,1632.4133166891284,688.6585818705812,33.913678656259044,0.834079522,0.6148721478913204,7.109999999999999,5.416,21.72,1.886,3.54,27.6,27.310247161093216,62.0,1.7699502817875987,2730.0,3.4799999999999995,0.8626890215472052,83.32000000000001,2.9690026513400007,4.32,6.819999999999999,84.86362451031337,0.9856929339302376,35.57221387543935,0.3817141968596252,0.2374868417407583,1.7799999999999998,8.0,65.0,6.12,341.618,1.1374840044,2.22,3.703,7.834621000000002,46.28437001123986,2.6612,2.38,0.865886637172057,0.8611407449519548,187.0,125.9,1.4853057982525812,0.1341133628279429,1.1,0.47,57.0,1.0,7.899999999999999,5.5769,9.0,9.0,31.1,2.3999999999999995,2.1
0.4,1445.0768167346678,481.6866632988711,45.70514194267424,0.65,1.0076154861466728,29.6,6.134,27.6,1.12,3.6000000000000005,58.0,38.6336640768126,75.7985796885917,0.8535713209802683,2800.0,5.6,1.1353114732268488,93.8,3.4257950106000004,1.8100000000000005,21.0,51.98362451031337,1.1951167307003947,42.9995348812054,0.4314661615534396,0.0,0.2,4.0,20.30000000000001,4.8,355.18,1.0355921,1.8,2.7408,5.5387,29.802893402077032,2.466,3.16,0.7957108526513241,1.2380180685965354,222.0,181.0,1.2265193370165746,0.2042891473486758,0.89,0.14462,56.0,0.0,1.0,5.211664,0.0,0.0,39.7,22.0,9.0
1.1055415967851334,1609.4591730082984,774.9706116291694,42.27062284324133,0.5875,0.9358356795386598,21.0,5.615000000000001,26.83333333333333,1.375,3.8151743807532,40.5,35.75572992154156,88.0,1.3978405965392957,2883.333333333333,5.833333333333333,2.049735900035432,96.83333333333331,3.348705090166668,3.81,14.675,69.98635375859448,1.1346022308378485,39.834728009057066,0.404059212259961,0.0,0.6666666666666666,4.0,55.900000000000034,4.833333333333333,348.3833333333334,0.9504934166666668,2.6666666666666665,3.3023333333333333,6.142445,48.58670958071647,2.3266666666666667,2.91,0.8572818687438152,1.0772809160439467,222.0,157.5,1.4095238095238096,0.1427181312561848,0.89,0.14462,56.0,0.0,2.0,5.211664,0.0,0.0,39.7,14.5,8.0
3.670452590924208,1406.4922972979032,528.6463985711265,44.99506145740392,0.976,0.9237844076854248,18.19,5.793333333333334,30.83333333333333,1.525,3.3541019662496847,52.5,35.270384177096794,78.0,1.089689048408867,2533.333333333333,4.833333333333333,1.1651642967978872,101.33333333333331,3.3875759265000003,2.74,15.65,59.98635375859448,1.1091237782842611,43.32435804486894,0.434132602889429,0.3726779962499649,1.8333333333333333,9.0,55.5,5.833333333333333,348.45,1.0799934166666667,1.5,4.034,6.5574650000000005,32.56371328722778,2.376666666666667,2.81,0.8433965768025113,1.111480310204072,222.0,162.5,1.366153846153846,0.1566034231974886,0.89,0.14462,56.0,0.0,5.5,5.211664,0.0,0.0,39.7,11.5,4.5
3.670452590924208,1497.9164016216732,550.7638962285826,42.93664583494565,1.479315,0.923001116914377,17.7,5.791666666666667,36.16666666666666,1.83,3.3541019662496847,68.5,35.267627586152656,76.0,1.092297527640198,2516.6666666666665,4.833333333333333,1.099408806339921,98.33333333333331,3.3915695175,2.75,15.6,79.98635375859448,1.0913358277308085,41.38706185378335,0.4525356078312125,0.3726779962499649,1.8333333333333333,23.0,41.0,8.166666666666666,350.8666666666666,1.2477650833333334,1.5,5.500666666666667,7.382115,68.27108665246948,2.478333333333333,2.3,0.8406733197507532,1.118320189036097,222.0,163.5,1.3577981651376148,0.1593266802492468,0.89,0.14462,56.0,0.0,5.5,5.211664,0.0,0.0,39.7,11.5,4.5
3.2998316455372216,1711.0653346908043,740.0791466683366,42.27062284324133,1.389,0.9273871830410688,18.05,5.765000000000001,36.0,1.7,3.2998316455372216,68.0,35.27392804891454,83.0,1.134882519617486,3250.0,5.0,1.241564619809309,96.83333333333331,3.372931323,2.91,15.05,81.65302042526115,1.0931872361738098,40.11545836706842,0.4518034439118261,0.3726779962499649,1.6666666666666667,22.0,94.90000000000003,8.0,341.88333333333327,1.2176600833333333,1.6666666666666667,5.858999999999999,7.24875,71.70454877994773,2.435,2.16,0.850282539120589,1.0943806131240092,222.0,160.0,1.3875,0.1497174608794109,0.89,0.14462,56.0,0.0,5.0,5.211664,0.0,0.0,39.7,12.0,5.0
2.33238075793812,1625.4060784505514,734.614365228451,34.1666504065002,0.151,0.613307478536695,8.4,5.422000000000001,21.4,1.83,3.555277766926236,26.0,27.89695323866031,61.0,1.7467501252325703,2680.0,3.8,1.3959689278126368,83.8,2.9732121532000004,3.96,7.1,85.26362451031336,0.9947059867116512,35.077058029430006,0.3799724251883928,0.0,1.4,5.0,61.0,5.8,338.68,1.0008681,2.6,3.4942,7.9024,46.28382015055704,2.65,2.04,0.8655685320585051,0.8618247328351574,187.0,126.0,1.4841269841269842,0.1344314679414948,1.1,0.47,57.0,1.0,6.0,5.5769,9.0,9.0,31.1,4.0,4.0
2.727636339397171,1649.8262477800504,721.8855488233575,33.356258783023016,0.66225646,0.6162300634527129,7.5,5.35,21.6,1.88,3.49857113690718,27.0,27.52453451014204,62.0,1.8545511586365044,2820.0,3.6,0.9147571543102216,82.6,2.9647088270000004,4.32,6.7,87.26362451031336,0.9866306299725344,34.4,0.3777261198229775,0.0,1.6,6.0,65.0,6.0,337.88,1.103119392,2.4,3.6994,7.881010000000002,49.97136689833345,2.66,1.7,0.8687601397243668,0.8549848540031323,187.0,125.0,1.496,0.1312398602756331,1.1,0.47,57.0,1.0,7.0,5.5769,9.0,9.0,31.1,3.0,3.0
2.973213749463701,1372.178852075778,728.9452712542965,39.2938926552206,0.3667873333333333,0.5262331065273548,12.2,5.586,18.6,1.7,3.2,42.33333333333333,30.223169919781743,43.7985796885917,1.60374062740831,1160.0,3.2,1.7536312751596153,87.7,3.0145832013,3.88,14.166666666666666,71.39362451031336,0.9778143995667072,31.348790470982383,0.3436567169137762,0.3,1.4,28.0,138.7,7.4,347.03000000000003,1.0414968999999998,1.6,2.6692,6.980579999999998,29.971604088623653,2.667,2.9,0.7901479566494185,1.057901259353209,190.0,154.66666666666666,1.228448275862069,0.2098520433505815,0.93,0.547926,11.0,0.0,4.666666666666666,5.139076,1.0,0.0,24.11,6.333333333333333,5.333333333333333
3.0983866769659336,1573.7232452575645,871.8826306332751,25.972292929196684,1.156,0.2285126007888764,6.8,5.392,14.8,1.91,3.0983866769659336,28.0,21.188676221038445,23.0,1.7703830094078512,720.0,3.2,1.169118394452141,77.8,2.7711096844,3.88,6.6,103.66362451031335,0.8482829716550958,25.326665789242767,0.2931641885275876,0.0,2.0,6.0,66.60000000000002,6.4,330.18,1.1236681,2.0,3.3778000000000006,7.6398,40.36249033136555,2.754,2.19,0.7672969013885319,0.8481449751711072,147.0,124.0,1.185483870967742,0.2327030986114681,1.54,0.079,22.0,2.0,8.0,6.828119999999998,8.0,8.0,14.6,2.0,2.0
3.152380053229623,1489.5442181539752,854.559978055227,24.919558081956428,0.55115175,0.3169123289904306,6.8075,4.983750000000001,17.625,1.94,2.7271780286589284,23.75,19.839591099616943,23.0,1.9435852020171385,1300.0,3.375,1.520472347989582,88.625,2.8717482270000003,4.3,9.45,108.66476531894584,0.78233225038982,23.69467239697565,0.286459757873385,0.0,2.75,6.0,131.3,6.625,331.0,0.8333684374999999,2.25,4.307125,8.482822500000001,56.27292709115489,2.4525,2.19,0.7616591872244346,0.8618247328351574,147.0,126.0,1.1666666666666667,0.2383408127755654,1.54,0.079,22.0,2.0,5.0,6.828119999999998,8.0,8.0,14.6,3.25,2.5
0.7820295697311479,1710.7940638822884,759.1875296156853,34.792418666919595,0.079,0.5953076395938958,14.6,5.564545454545455,19.454545454545453,1.54,4.09998992137443,22.0,28.89593754512164,40.7985796885917,1.6913274164844805,2245.454545454545,4.363636363636363,1.151350845955284,82.81818181818181,3.0222515275454542,3.88,10.6,73.5220259957869,1.028409668508125,35.17817693160641,0.3596538708185217,0.0,0.5454545454545454,3.0,34.69999999999999,5.090909090909091,344.4909090909091,1.0296176818181817,3.090909090909091,2.674818181818181,6.828119999999998,24.959120770158155,2.6690909090909085,3.34,0.8035738147275899,1.0054621883076835,187.0,147.0,1.272108843537415,0.19642618527241,1.1,0.47,57.0,1.0,2.0,5.5769,9.0,9.0,31.1,8.0,8.0
0.7637626158259734,1677.228823791685,742.0382779561195,33.90294562751476,-0.4139999999999999,0.5702819846862665,10.1,5.437416666666667,18.416666666666668,2.04,4.017323597731316,17.0,28.2374603437821,95.0,1.673315593780471,2166.6666666666665,4.25,1.3588428811838589,80.91666666666667,3.027995735,3.88,12.833333333333332,72.17559740261375,0.9899494936611664,34.361941964265576,0.344564085779498,0.0,0.5,3.0,48.5,5.083333333333333,346.2833333333333,0.8271495416666665,2.833333333333333,2.51925,9.396779999999998,24.310206430072093,2.7,3.17,0.8571711121268847,0.8800644097205574,187.0,128.66666666666666,1.4533678756476685,0.1428288878731153,1.1,0.47,57.0,1.0,1.3333333333333333,5.5769,9.0,9.0,31.1,6.333333333333333,5.333333333333333
1.939071942966532,1638.6911470758548,792.4125573692484,37.941981358589146,0.6174999999999999,0.6162300634527129,11.941698249999998,5.678,21.183333333333334,1.715,3.167272178828866,29.0,30.95569317578439,68.7985796885917,1.528667846386592,2220.0,3.096014492753623,1.886431360039993,88.4,3.0679481612000004,3.88,11.4,81.54950871303204,1.015543530010622,35.19884256049194,0.3687216896792682,0.2332741326930919,1.0,7.0,64.44999999999999,5.641333333333334,342.636,1.0772770555555555,1.6,3.2771241379310347,7.417535,44.89820797528118,2.572,2.65,,,,,,,,,,,,,,,,,
0.8,1353.5980082225296,744.6108846907894,33.406586176980134,0.079,0.3927064963979152,14.6,5.33,11.6,1.54,3.2,22.0,20.33322404342213,13.7985796885917,1.8389562256889096,1580.0,2.8,1.9716185004698583,84.0,2.9379614234,3.88,10.6,76.66362451031337,0.98982018569031,32.1645767887594,0.2180681819922213,0.0,0.4,4.0,47.89999999999998,4.8,333.92,1.3151136107962291,1.6,1.945,6.828119999999998,20.56614570857892,2.634,3.35,0.7384585670873863,1.0054621883076835,160.0,147.0,1.08843537414966,0.2615414329126136,1.31,2.113227553981147,12.0,0.0,2.0,7.646235000000001,0.0,0.0,10.6,8.0,8.0
0.8,1381.3662807032752,764.4596062579108,37.94733192202055,0.079,0.6229145981320804,14.6,5.804,13.2,1.54,3.2,22.0,34.87119154832539,50.7985796885917,1.5068855298263368,1300.0,2.8,1.8433444681178404,87.0,3.0679481612000004,3.88,10.6,71.06362451031336,1.0767060880295978,34.0,0.2441176661712935,0.0,0.4,4.0,32.5,4.8,341.48,0.8973780999999998,1.6,1.9074,6.828119999999998,30.050606380271407,2.572,3.55,0.8276905731128505,1.0054621883076835,197.0,147.0,1.3401360544217686,0.1723094268871494,1.0,0.02455,20.0,0.0,2.0,6.11316,0.0,0.0,25.0,8.0,8.0
0.8,1372.6592299125082,756.3194626611165,41.182520563948,0.079,0.8283531951513585,14.6,5.904000000000001,16.8,1.54,3.2,22.0,35.204545161101,68.7985796885917,1.505291998251502,1360.0,2.8,1.926638355259929,89.0,3.1762870428000003,3.88,10.6,82.15971934359035,1.0913917720049018,35.902089075707,0.3343075261185155,0.0,0.4,4.0,46.60000000000002,4.8,346.32,0.9020681,1.6,2.1054000000000004,6.828119999999998,13.99078328129213,2.5620000000000003,3.22,0.8711007382063196,1.0054621883076835,215.0,147.0,1.4625850340136055,0.1288992617936804,0.95,0.048,38.0,0.0,2.0,5.69485,0.0,0.0,27.6,8.0,8.0
3.287180487219337,1679.9504931933427,869.2544596121182,38.55911767086425,1.1035,0.7566000234178785,10.55,5.573333333333334,27.0,1.91,2.9297326385411577,50.0,32.209815619190096,76.0,1.5604344124491605,2050.0,2.6666666666666665,1.822591853588725,92.83333333333331,3.1650080165000003,3.88,9.85,106.79976611965864,1.0018274967944,34.486712417006835,0.39651851245303,0.372677996249965,1.8333333333333333,22.0,88.70000000000005,8.0,334.5,1.106390083333333,1.5,5.3295,7.893459999999999,56.557739284624574,2.515,3.12,0.8831490986503081,0.9781026729795832,215.0,143.0,1.5034965034965035,0.1168509013496919,0.95,0.048,38.0,0.0,5.5,5.69485,0.0,0.0,27.6,5.0,4.5
0.7820295697311479,1611.1702549157726,834.416623052565,30.28187140084295,1.078052015,0.5635226912554782,8.75,6.208181818181817,17.636363636363637,2.06,4.09998992137443,19.0,30.47746762869007,51.0,2.5686849064765283,2336.3636363636365,4.363636363636363,1.3111915320005283,87.9090909090909,3.188085275909091,7.52,13.05,63.44820038660103,0.9311611874561748,29.22752014599079,0.3126541039273782,0.0,0.5454545454545454,3.0,86.0,5.090909090909091,351.0,1.1119795963636363,3.090909090909091,2.536818181818182,8.594065,33.5190743721538,2.5345454545454547,1.9,0.809476952906624,0.9370633999874328,178.0,137.0,1.2992700729927007,0.1905230470933759,1.22,0.307,39.0,1.0,1.0,6.2173,9.0,9.0,22.7,5.0,4.0
2.1921577396609844,1693.0587297842774,895.7802054013523,29.62860385955887,1.089841612,0.5417639691060899,8.72,6.007499999999999,19.916666666666668,2.104,3.9370039370059056,24.200000000000003,29.36220170370214,51.0,2.547803383963004,2408.333333333333,4.25,1.3460662022371914,89.75,3.173272730166667,7.52,12.1,89.82751702105095,0.8942905319612612,28.66315385453752,0.3328216575425393,0.2763853991962833,1.1666666666666667,6.0,110.60000000000002,5.416666666666667,346.1583333333333,1.11406463,3.0,3.359583333333333,8.367032,93.19041147908784,2.5133333333333336,1.9,0.8111955789885763,0.932959472688218,178.0,136.4,1.3049853372434017,0.1888044210114237,1.22,0.307,39.0,1.0,2.4000000000000004,6.2173,9.0,9.0,22.7,4.6,3.6
1.2,2176.050982698705,1260.0278123660603,43.481490314845466,0.322,0.5060241971974214,13.1,5.606,21.6,1.5,2.8,73.0,36.43295211755424,43.7985796885917,1.527057300824039,980.0,2.8,3.4632389478584,91.4,3.016720614,3.52,10.9,86.92362451031337,1.1048257781206954,30.27807382043344,0.3938591416574659,0.4,0.6,18.0,51.69999999999999,7.6,333.06,1.0506533,1.4,4.2144,7.54957,62.66976283946564,2.55,4.05,0.8053155838341276,1.0191419459717337,190.0,149.0,1.2751677852348993,0.1946844161658724,0.93,0.547926,11.0,0.0,3.0,5.139076,1.0,0.0,24.11,7.0,7.0
1.2874167929657558,2403.4739240042923,1377.9413169526824,32.02759443781148,0.3217058823529412,0.3368275613956286,13.288235294117646,5.9052195121951225,24.063414634146344,1.4945098039215683,3.046238940648241,72.33333333333333,23.950839001497823,43.7985796885917,1.5323384252101009,996.09756097561,3.234146341463415,3.1206845368243146,76.19512195121953,2.827504108458537,3.52,11.074509803921568,104.79076159794316,0.8836616858361984,29.02270330526252,0.4069977769887112,0.1383165549147104,0.7365853658536586,18.0,51.69999999999999,9.058536585365854,340.86682926829275,1.159832824390244,1.751219512195122,4.943434146341464,7.52344705882353,54.97373724431489,2.907024390243903,4.08,0.8037673386648322,1.0230312888370028,190.0,149.5686274509804,1.2703198741478765,0.1962326613351678,0.93,0.547926,11.0,0.0,2.96078431372549,5.139076,1.0,0.0,24.11,7.03921568627451,7.03921568627451
1.2874167929657558,2403.9990014650534,1376.573534382842,32.10738747944938,0.3249019607843137,0.3401271005473145,13.452941176470588,5.905707317073171,24.151219512195123,1.4921568627450978,3.046238940648241,72.68627450980392,23.85624505902969,43.7985796885917,1.5316361766918862,994.6341463414636,3.234146341463415,3.122431876407088,76.23902439024391,2.828378767736586,3.52,11.127450980392156,104.7273469637968,0.8848180203910884,29.17585251794239,0.4076315909948085,0.1383165549147104,0.7365853658536586,18.0,53.89999999999998,9.058536585365854,340.95317073170736,1.1606279463414635,1.751219512195122,4.951629268292684,7.510890196078432,55.05472451163799,2.9064390243902443,4.07,0.8032880585035079,1.0242383262779482,190.0,149.74509803921566,1.2688228361922222,0.196711941496492,0.93,0.547926,11.0,0.0,2.96078431372549,5.139076,1.0,0.0,24.11,7.03921568627451,7.03921568627451
1.2883036728043178,2398.907992668513,1376.4720409180363,32.01947429435488,0.3387352592592592,0.3380881969339332,13.915555555555551,5.91419512195122,24.214634146341467,1.4577777777777778,3.006041903210075,68.40740740740739,24.057977759418907,47.7985796885917,1.5244709473271367,994.6341463414636,3.190243902439025,3.139705532512892,76.19024390243904,2.827851915956098,3.52,11.848148148148146,104.74198111013828,0.8832934907712082,29.00514554050851,0.4080529471429223,0.1383165549147104,0.7317073170731708,18.0,51.69999999999999,9.121951219512196,340.87170731707323,1.1582377024390245,1.707317073170732,4.955606829268293,7.371014888888888,55.03472268382404,2.9072195121951223,4.09,0.8065986305395758,1.0399149113134392,194.0,152.037037037037,1.2760048721071866,0.1934013694604242,1.26,-0.02,70.0,0.0,2.7777777777777777,6.25416,0.0,0.0,20.9,6.555555555555555,6.481481481481481
1.2874167929657558,2403.859473224601,1376.4512597380328,32.08861392093843,0.3284313725490196,0.3403816888934954,13.423529411764704,5.912585365853659,24.15609756097561,1.492549019607843,3.046238940648241,72.70588235294117,23.867377968943995,43.7985796885917,1.5250921279746454,994.6341463414636,3.2975609756097564,3.122801540422987,76.22926829268293,2.828441881663416,3.52,11.098039215686274,104.69807867111388,0.8846199155586394,29.08960120653673,0.4075695867769254,0.1383165549147104,0.7365853658536586,18.0,57.30000000000001,9.06341463414634,340.96975609756106,1.1615059951219513,1.751219512195122,4.954590243902439,7.510141176470588,55.09708523207862,2.906536585365854,4.04,0.8036075150766891,1.0234336346506514,190.0,149.62745098039215,1.2698204691390382,0.1963924849233108,0.93,0.547926,11.0,0.0,2.96078431372549,5.139076,1.0,0.0,24.11,7.294117647058823,7.03921568627451
3.986086914367133,1233.9887357544033,619.3485421386779,38.40563833027067,0.9512816666666668,0.6930613121680435,9.22,5.811666666666667,27.75,1.9866666666666664,2.6457513110645907,55.333333333333336,22.430099754570865,75.7985796885917,1.377366650129474,1720.8333333333333,2.833333333333333,1.4030164062330794,87.91666666666667,3.140665863625,3.88,17.444444444444443,65.04935716280465,0.8493591334058873,36.76934014909705,0.4051908153604643,0.0,2.333333333333333,27.0,119.5,10.416666666666666,366.7708333333333,1.2150726666666667,1.0,3.4792083333333337,7.764387777777777,29.392551168139025,2.78875,2.52,0.8507907583135379,1.0931295365055476,222.0,159.8170908214625,1.389087980884374,0.1492092416864621,0.89,0.14462,56.0,0.0,6.222222222222222,5.211664,0.0,0.0,39.7,4.444444444444444,2.6666666666666665
3.713906763541037,1265.163150306967,647.9263933694417,39.15103836418716,0.8640535,0.7398203201613192,9.758,5.79103448275862,26.48275862068965,1.942,2.758620689655172,52.0,25.772765354286964,75.7985796885917,1.4074416624832795,1617.2413793103449,2.827586206896552,1.4901029086278492,88.24137931034483,3.155771052413793,3.88,16.76,65.83112739513375,0.9040470508522096,37.19927377092761,0.3993117467581802,0.0,2.0,27.0,119.5,9.448275862068966,363.4586206896552,1.1644380862068966,1.103448275862069,3.275448275862069,7.670761,30.04499386132673,2.7475862068965515,2.6,0.854369145415451,1.0843628016857612,222.0,158.53538173931625,1.400318323672631,0.145630854584549,0.89,0.14462,56.0,0.0,5.8,5.211664,0.0,0.0,39.7,4.8,3.2
3.4899757586332525,1286.3180974296702,666.4547512331025,39.66717067129623,0.7926850000000001,0.7709432946779159,10.198181818181816,5.776470588235294,25.58823529411765,1.9054545454545453,2.83331637148054,49.27272727272727,27.75643259089702,75.7985796885917,1.428110397678862,1544.1176470588234,2.823529411764706,1.548581514061905,88.47058823529412,3.166433538617647,3.88,16.2,66.38296520618958,0.9396530409519476,37.49963090937163,0.3950658256478442,0.0,1.7647058823529411,27.0,119.5,8.764705882352942,361.1205882352941,1.1286960294117647,1.1764705882352942,3.131617647058824,7.594157272727272,30.48507094299329,2.7185294117647056,2.61,0.8573193832157004,1.0771900186513903,222.0,157.48671067210566,1.4096427505061928,0.1426806167842995,0.89,0.14462,56.0,0.0,5.454545454545454,5.211664,0.0,0.0,39.7,5.090909090909091,3.636363636363636
0.8,1381.3662807032752,764.4596062579108,37.94733192202055,0.079,0.6229145981320804,14.6,5.804,13.2,1.54,3.2,22.0,34.87119154832539,50.7985796885917,1.5068855298263368,1300.0,2.8,1.8433444681178404,87.0,3.0679481612000004,3.88,10.6,71.06362451031336,1.0767060880295978,34.0,0.2441176661712935,0.0,0.4,4.0,32.5,4.8,341.48,0.8973780999999998,1.6,1.9074,6.828119999999998,30.050606380271407,2.572,3.44,0.8276905731128505,1.0054621883076835,197.0,147.0,1.3401360544217686,0.1723094268871494,1.0,0.02455,20.0,0.0,2.0,6.11316,0.0,0.0,25.0,8.0,8.0
1.939071942966532,1638.6911470758548,792.4125573692484,37.941981358589146,0.6174999999999999,0.6162300634527129,11.941698249999998,5.678,21.183333333333334,1.715,3.167272178828866,29.0,30.95569317578439,68.7985796885917,1.528667846386592,2220.0,3.096014492753623,1.886431360039993,88.4,3.0679481612000004,3.88,11.4,81.54950871303204,1.015543530010622,35.19884256049194,0.3687216896792682,0.2332741326930919,1.0,7.0,64.44999999999999,5.641333333333334,342.636,1.0772770555555555,1.6,3.2771241379310347,7.417535,44.89820797528118,2.572,3.44,,,,,,,,,,,,,,,,,
3.651483716701108,1457.7564625221182,744.4600417976329,36.885709367661015,1.193815,0.5714734812219624,10.2,5.516666666666667,24.166666666666668,2.04,2.98142396999972,50.5,31.86778240724565,51.0,1.5182409412064857,1266.6666666666667,2.5,1.7839069286461078,92.66666666666669,3.0933638096666667,3.88,10.4,95.88635375859448,0.9829660330968828,34.93048652522448,0.358554652895461,0.372677996249965,2.0,23.0,32.5,8.166666666666666,339.45,1.13258675,1.3333333333333333,4.806166666666667,8.026824999999999,61.914230107886816,2.5666666666666664,3.44,0.8291044551709428,1.002042248891671,197.0,146.5,1.3447098976109215,0.1708955448290572,1.0,0.02455,20.0,0.0,6.0,6.11316,0.0,0.0,25.0,4.5,4.0
3.287180487219337,1680.949613767468,872.0296146856991,35.87207208338481,1.1035,0.568842538156557,10.55,5.490000000000001,24.0,1.91,2.9297326385411577,50.0,31.91133549905634,58.0,1.5444200637564034,2000.0,2.6666666666666665,1.74402679473643,91.16666666666669,3.074725615166667,3.88,9.85,97.55302042526114,0.9888995005672832,32.98989744351039,0.3573880294264137,0.372677996249965,1.8333333333333333,22.0,74.60000000000002,8.0,330.4666666666667,1.10248175,1.5,5.1645,7.893459999999999,65.276128353934,2.523333333333333,3.44,0.839138519284368,0.9781026729795832,197.0,143.0,1.3776223776223775,0.160861480715632,1.0,0.02455,20.0,0.0,5.5,6.11316,0.0,0.0,25.0,5.0,4.5
3.124099870362662,1621.8338696253695,708.6630296551386,33.120386471175124,1.156,0.6157420604008346,6.8,5.5520000000000005,21.8,1.91,3.487119154832538,28.0,27.2,63.0,1.5669128884529606,2400.0,3.4,0.3059701455674505,82.2,2.9660410654,3.31,6.6,87.26362451031336,0.9819490821829816,34.953683639925565,0.3799724251883928,0.0,1.8,7.0,68.80000000000001,6.2,337.12,1.2018681,2.2,3.6998000000000006,7.6398,49.97136689833345,2.666,2.54,0.8719753713050267,0.8481449751711072,187.0,124.0,1.5080645161290325,0.1280246286949733,1.1,0.47,57.0,1.0,8.0,5.5769,9.0,9.0,31.1,2.0,2.0
2.8613807855648994,1791.0396605502451,960.1154878450822,29.116146723081336,1.514552015,0.582385269758463,6.35,6.48125,22.875,2.3075,3.122498999199199,25.5,24.14248071346439,63.0,2.7274321141872626,1975.0,3.375,2.076583876404116,90.0,3.178617343125,7.32,11.75,85.21476531894585,0.7932912059893265,29.932215086758948,0.3453345474627244,0.3307189138830738,1.75,7.0,120.10000000000002,6.125,349.725,1.3639435699999998,2.0,4.107375,8.863062500000002,75.40434216187417,2.5812500000000003,2.08,0.8553558501779402,0.8840543390392388,187.0,129.25,1.446808510638298,0.1446441498220597,1.1,0.47,57.0,1.0,3.25,5.5769,9.0,9.0,31.1,3.0,1.75
1.6,1910.5260085808827,1051.9650366813528,54.4,0.917406,1.0214649173545167,15.7,5.804,16.8,1.6,2.4,41.0,36.66278767360715,89.0,1.396962418964805,2340.0,2.8,2.874231136346179,97.8,3.2947558844,3.53,10.8,80.28362451031337,1.1199714282069877,36.68490614726288,0.3180244924976511,0.4898979485566356,0.8,5.0,64.69999999999999,4.8,349.54,1.1604433,1.2,2.5746,6.75885,53.02583622963272,2.548,3.24,0.92248048970081,0.9986223094756584,235.0,146.0,1.6095890410958904,0.07751951029919,0.82,0.50147,19.0,0.0,4.0,4.3406633,1.0,0.0,43.06,7.0,6.0
1.6,1910.5260085808827,1051.9650366813528,54.4,0.917406,1.0214649173545167,15.7,5.804,16.8,1.6,2.4,41.0,36.66278767360715,89.0,1.396962418964805,2340.0,2.8,2.874231136346179,97.8,3.2947558844,3.53,10.8,80.28362451031337,1.1199714282069877,36.68490614726288,0.3180244924976511,0.4898979485566356,0.8,5.0,64.69999999999999,4.8,349.54,1.1604433,1.2,2.5746,6.75885,53.02583622963272,2.548,3.25,0.92248048970081,0.9986223094756584,235.0,146.0,1.6095890410958904,0.07751951029919,0.82,0.50147,19.0,0.0,4.0,4.3406633,1.0,0.0,43.06,7.0,6.0
1.6,1910.5260085808827,1051.9650366813528,54.4,0.917406,1.0214649173545167,15.7,5.804,16.8,1.6,2.4,41.0,36.66278767360715,89.0,1.396962418964805,2340.0,2.8,2.874231136346179,97.8,3.2947558844,3.53,10.8,80.28362451031337,1.1199714282069877,36.68490614726288,0.3180244924976511,0.4898979485566356,0.8,5.0,64.69999999999999,4.8,349.54,1.1604433,1.2,2.5746,6.75885,53.02583622963272,2.548,3.16,0.92248048970081,0.9986223094756584,235.0,146.0,1.6095890410958904,0.07751951029919,0.82,0.50147,19.0,0.0,4.0,4.3406633,1.0,0.0,43.06,7.0,6.0
1.1709371246996996,2135.304468342498,1231.0949785023697,44.63983471911607,0.20302,0.7732405347077776,17.86,5.91375,22.375,1.2999999999999998,2.7321866242993,51.8,34.93744409655635,88.7985796885917,1.3560967655370322,1337.5,2.625,3.2706454620560987,89.6875,3.1224628280625,3.52,18.5,87.38502553157642,1.088964531102827,36.003735674697815,0.363818428785381,0.2420614591379635,0.5625,18.0,64.19999999999999,7.625,344.5,1.0079815625,1.3125,4.088,6.975006,59.33518219875195,2.6075,3.44,0.8573438028147461,1.1504676195466146,235.0,168.2,1.3971462544589774,0.1426561971852539,0.82,0.50147,19.0,0.0,1.7999999999999998,4.3406633,1.0,0.0,43.06,4.2,4.2
1.118033988749895,2211.540397807782,1366.132820221639,42.89982589391705,0.1253169999999999,0.7562802786008715,13.152857142857144,5.679388888888889,20.61111111111111,1.7271428571428569,2.6087459737497545,38.85714285714285,33.66744590223985,144.0,1.4422816468240287,1288.888888888889,2.7222222222222223,3.248027772174229,86.77777777777777,3.0718488670555555,3.52,16.442857142857143,82.69584952127398,1.0316128149649946,34.76251822361559,0.3442655266331144,0.2290614236454256,0.5,18.0,68.10000000000002,7.277777777777778,347.95000000000005,0.8883235555555555,1.1666666666666667,3.803666666666667,8.667061428571428,57.63571945232761,2.628333333333333,2.68,0.921579370222296,1.0005765605705228,235.0,146.28571428571428,1.6064453125,0.0784206297777041,0.82,0.50147,19.0,0.0,1.2857142857142856,4.3406633,1.0,0.0,43.06,4.0,3.0
3.4817307448439827,1940.737455359484,1106.511426391383,38.29664023202589,0.632181,0.601043954336465,10.25,5.940714285714286,28.857142857142858,1.76,2.449489742783178,78.0,25.688975639128845,50.7985796885917,1.3072460927227036,1685.7142857142858,2.7142857142857144,2.7110944400871366,85.28571428571429,3.043014111642857,3.52,16.1,83.13959768962147,0.9071282338528888,36.31382488186862,0.4227093995467239,0.0,1.8571428571428568,27.0,120.0,10.857142857142858,356.99285714285713,1.1216639642857142,1.0,4.620928571428571,7.417535,51.80283171354269,2.7857142857142856,3.09,0.7938466604696859,1.0909606737079969,197.0,159.5,1.2351097178683386,0.2061533395303141,1.0,0.02455,20.0,0.0,6.5,6.11316,0.0,0.0,25.0,5.0,3.5
3.2147161616540894,1618.7319305752883,698.9202222972233,33.3366105055688,1.1639,0.6153389195171417,6.74,5.553800000000001,21.82,1.909,3.500628514995557,28.1,27.158976416647224,63.0,1.564627610647339,2412.0,3.3800000000000003,0.3424211601247768,82.47999999999999,2.9673391163400007,3.31,6.65,86.46362451031337,0.9821040474410032,35.28381498647787,0.3810727044831056,0.1399999999999999,1.84,8.0,68.80000000000001,6.220000000000001,338.442,1.2034481,2.16,3.7009600000000007,7.648458,48.78646645233037,2.6658,3.6,0.8706864270410954,0.8508809267039172,187.0,124.4,1.5032154340836013,0.1293135729589045,1.1,0.47,57.0,1.0,8.2,5.5769,9.0,9.0,31.1,1.9,1.8
3.2147161616540894,1618.7319305752883,698.9202222972233,33.3366105055688,1.1639,0.6153389195171417,6.74,5.553800000000001,21.82,1.909,3.500628514995557,28.1,27.158976416647224,63.0,1.564627610647339,2412.0,3.3800000000000003,0.3424211601247768,82.47999999999999,2.9673391163400007,3.31,6.65,86.46362451031337,0.9821040474410032,35.28381498647787,0.3810727044831056,0.1399999999999999,1.84,8.0,68.80000000000001,6.220000000000001,338.442,1.2034481,2.16,3.7009600000000007,7.648458,48.78646645233037,2.6658,2.69,0.8706864270410954,0.8508809267039172,187.0,124.4,1.5032154340836013,0.1293135729589045,1.1,0.47,57.0,1.0,8.2,5.5769,9.0,9.0,31.1,1.9,1.8
3.4696397507522305,1609.3496420181664,668.3509925301227,33.9631800631213,1.1876,0.6141114470641179,6.5600000000000005,5.559200000000001,21.880000000000003,1.906,3.538135101999357,28.4,27.033312782565144,63.0,1.5577391822766735,2448.0,3.3199999999999994,0.4140632081119733,83.32000000000001,2.9712332691600003,3.31,6.799999999999999,84.06362451031336,0.9825685523158167,36.2322729068989,0.3843336382592952,0.2712931993250107,1.96,8.0,68.80000000000001,6.279999999999999,342.408,1.2081881,2.04,3.70444,7.674432,44.95981212765308,2.6652,2.51,0.8668423569429621,0.8590887813023472,187.0,125.6,1.4888535031847134,0.1331576430570379,1.1,0.47,57.0,1.0,8.8,5.5769,9.0,9.0,31.1,1.6,1.2
3.4696397507522305,1609.3496420181664,668.3509925301227,33.9631800631213,1.1876,0.6141114470641179,6.5600000000000005,5.559200000000001,21.880000000000003,1.906,3.538135101999357,28.4,27.033312782565144,63.0,1.5577391822766735,2448.0,3.3199999999999994,0.4140632081119733,83.32000000000001,2.9712332691600003,3.31,6.799999999999999,84.06362451031336,0.9825685523158167,36.2322729068989,0.3843336382592952,0.2712931993250107,1.96,8.0,68.80000000000001,6.279999999999999,342.408,1.2081881,2.04,3.70444,7.674432,44.95981212765308,2.6652,2.54,0.8668423569429621,0.8590887813023472,187.0,125.6,1.4888535031847134,0.1331576430570379,1.1,0.47,57.0,1.0,8.8,5.5769,9.0,9.0,31.1,1.6,1.2
3.5496478698597698,1606.1964738673785,657.6796913391807,34.16489426297117,1.1955,0.6136962529224866,6.5,5.561000000000001,21.9,1.905,3.5496478698597698,28.5,26.990553903171385,63.0,1.5554320943069166,2460.0,3.3,0.4288875676248989,83.6,2.9725313201000003,3.31,6.85,83.26362451031336,0.982723257076986,36.53505166275258,0.3854075023869492,0.3,2.0,8.0,68.80000000000001,6.3,343.73,1.2097681,2.0,3.7056,7.683090000000001,43.58034540673539,2.665,2.47,0.8655685320585051,0.8618247328351574,187.0,126.0,1.4841269841269842,0.1344314679414948,1.1,0.47,57.0,1.0,9.0,5.5769,9.0,9.0,31.1,1.5,1.0
3.0983866769659336,1573.7232452575645,871.8826306332751,25.972292929196684,1.156,0.2285126007888764,6.8,5.392,14.8,1.91,3.0983866769659336,28.0,21.188676221038445,23.0,1.7703830094078512,720.0,3.2,1.169118394452141,77.8,2.7711096844,3.88,6.6,103.66362451031335,0.8482829716550958,25.326665789242767,0.2931641885275876,0.0,2.0,6.0,66.60000000000002,6.4,330.18,1.1236681,2.0,3.3778000000000006,7.6398,40.36249033136555,2.754,2.24,0.7672969013885319,0.8481449751711072,147.0,124.0,1.185483870967742,0.2327030986114681,1.54,0.079,22.0,2.0,8.0,6.828119999999998,8.0,8.0,14.6,2.0,2.0
3.094833759671108,1574.022546712721,871.9772613457303,25.97601940251816,1.1510625646,0.2285144294142977,6.807,5.38998,14.797999999999998,1.9097,3.098708763339982,27.99,21.193969991485787,23.0,1.7730919320779732,724.2,3.2020000000000004,1.1711987690128356,77.804,2.7710963620160003,4.32,6.601,103.66362451031335,0.8483437253849408,25.31683037032875,0.2931294897071407,0.0,1.998,6.0,66.60000000000002,6.398,330.18760000000003,1.1226806129199998,2.002,3.377796000000001,7.6422121,40.36249033136554,2.75394,2.23,0.7672685052200612,0.8482133739594275,147.0,124.01,1.1853882751391016,0.2327314947799388,1.54,0.079,22.0,2.0,7.99,6.828119999999998,8.0,8.0,14.6,2.01,2.01
3.08771177411364,1574.6208338187323,872.1664676975377,25.983468898513145,1.1411876937999998,0.2285180842911954,6.821,5.38594,14.794,1.9091,3.0993489638954816,27.97,21.20454847432503,23.0,1.7784905162524764,732.6,3.2060000000000004,1.1753244439813009,77.812,2.771069717248,4.32,6.602999999999999,103.66362451031335,0.8484652070650864,25.297136201554515,0.293060072820963,0.0,1.994,6.0,66.60000000000002,6.394,330.2028,1.12070563876,2.006,3.377788,7.6470363,40.36249033136554,2.75382,2.22,0.7672117191879753,0.848350171536068,147.0,124.03,1.185197129726679,0.2327882808120247,1.54,0.079,22.0,2.0,7.97,6.828119999999998,8.0,8.0,14.6,2.03,2.03
3.080568129420286,1575.218700252127,872.3556006583555,25.990913796940653,1.1313128229999998,0.2285217360029597,6.835,5.3819,14.789999999999996,1.9085,3.099983870925783,27.95,21.215114894810256,23.0,1.7838636130601464,741.0,3.21,1.1794037618097026,77.82,2.77104307248,4.32,6.605,103.66362451031335,0.8485866543848071,25.277410864247944,0.2929906302592074,0.0,1.99,6.0,66.60000000000002,6.39,330.218,1.1187306646,2.01,3.3777800000000004,7.6518605,40.36249033136554,2.7537,2.16,0.7671549415608084,0.8484869691127085,147.0,124.05,1.185006045949214,0.2328450584391915,1.54,0.079,22.0,2.0,7.949999999999999,6.828119999999998,8.0,8.0,14.6,2.05,2.05
3.0626132632116643,1576.711529032499,872.8281122878662,26.009505954554385,1.106625646,0.228530851435907,6.87,5.3718,14.78,1.907,3.101548000595832,27.9,21.24147829130544,23.0,1.7971863453743464,762.0,3.22,1.1894023607137114,77.84,2.77097646056,4.32,6.609999999999999,103.66362451031335,0.8488901224540194,25.227960678580423,0.2928169114042703,0.0,1.98,6.0,66.60000000000002,6.38,330.256,1.1137932292,2.0200000000000005,3.3777600000000008,7.663921,40.36249033136554,2.7534,2.23,0.767013034252168,0.8488289630543098,147.0,124.1,1.184528605962933,0.2329869657478319,1.54,0.079,22.0,2.0,7.9,6.828119999999998,8.0,8.0,14.6,2.1,2.1
1.2,2177.0413895523434,1250.804973005784,33.31906361229259,0.322,0.3103667320675008,13.1,5.458,20.0,1.5,2.8,73.0,36.092104399716014,8.798579688591701,1.6813137720247224,1340.0,2.8,3.3204435138524384,84.2,2.8831001636000004,3.52,10.9,87.86362451031337,1.090247678282325,30.390129928806623,1.11863518542924,0.4,0.6,18.0,104.9,7.6,322.42,1.0646779,1.4,4.127,7.54957,61.47732232519142,2.56,5.12,0.7214788010861933,1.0191419459717337,155.0,149.0,1.0402684563758389,0.2785211989138066,0.98,0.618049,3.0,0.0,3.0,5.391719,1.0,0.0,24.33,7.0,7.0
3.670452590924207,2026.7977138717013,1153.4154604730827,36.6363511040909,0.812,0.3064519831085333,9.94,5.23,24.5,1.715,2.608745973749755,60.0,32.95957119462165,11.0,1.6172816699635224,1316.6666666666667,2.5,3.209742405514613,93.33333333333331,2.935330220666667,3.52,10.6,89.88635375859447,1.0225743656738775,35.464542589857466,1.1054959287572916,0.4714045207910317,2.1666666666666665,18.0,104.9,8.166666666666666,321.15,1.1042315833333334,1.1666666666666667,5.189166666666666,7.562900000000001,56.30282528395438,2.455,4.92,0.727641043144317,1.002042248891671,155.0,146.5,1.0580204778156996,0.272358956855683,0.98,0.618049,3.0,0.0,6.5,5.391719,1.0,0.0,24.33,4.0,3.5
1.118033988749895,2049.1361728136403,1174.1440383057306,31.72494637067528,-0.5389999999999999,0.2937457110703297,7.1,5.2215,17.833333333333332,2.27,2.608745973749755,40.0,34.40647548871514,63.0,1.6233734166851446,1333.3333333333333,2.833333333333333,3.1837348841970443,80.16666666666667,2.9177804725,3.52,14.1,82.7805009048793,1.0112039029460544,29.116424399151622,1.045393687397865,0.372677996249965,0.5,18.0,120.9,7.166666666666667,329.68333333333334,0.65389825,1.1666666666666667,3.573833333333333,11.041835,57.26029771872338,2.64,4.82,0.7985768000655298,0.8242053992590195,155.0,120.5,1.2863070539419088,0.2014231999344702,0.98,0.618049,3.0,0.0,1.5,5.391719,1.0,0.0,24.33,5.0,3.5
1.2,2176.19471401435,1247.8248176470927,39.04151636399386,-0.5389999999999999,0.5872582314285983,7.1,5.3178,23.2,2.27,2.8,40.0,34.58901559744076,105.0,1.435885566471089,1700.0,2.8,3.4109101372641795,89.4,3.1778957068,3.52,14.1,85.31539291575072,1.0302931621630806,35.87533971964586,0.3460148548783429,0.0,0.6,17.0,49.0,7.6,344.58000000000004,0.3737554,1.4,4.262,11.041835,61.27055957572343,2.4839999999999995,2.43,0.9099316056573342,0.8242053992590195,197.0,120.5,1.6348547717842323,0.0900683943426657,1.0,0.02455,20.0,0.0,1.5,6.11316,0.0,0.0,25.0,5.0,3.5
1.4523687548277813,2721.061274461676,1551.9576803463224,31.952112606211188,0.6174999999999999,0.105571039738755,11.941698249999998,3.765625,31.75,1.715,3.3888604279314896,29.0,23.2379000772445,57.0,0.3529256074231507,1675.0,4.5,1.7621872491223696,84.75,3.17295699275,0.7289999999999996,11.4,110.85305179856812,0.7455492941449278,31.467989687935265,0.3064244940259737,0.0,1.125,14.0,49.0,10.25,347.625,-0.75425,2.625,6.75025,7.417535,69.05292914987217,2.4625,2.07,,,,,,,,,,,,,,,,,
1.3846153846153846,2544.7224232558847,1452.8732036291635,34.92324635675605,-0.7111999999999999,0.3735070956248673,5.9,4.362615384615385,28.46153846153846,2.424,3.230769230769231,33.400000000000006,28.418470533363003,105.0,1.1999473410536712,1684.6153846153843,3.8461538461538463,2.9864422514378925,86.53846153846153,3.174856498153846,3.52,14.740000000000002,101.0308753051768,0.8662781711566355,33.29001129574765,0.3379294581420246,0.0,0.9230769230769232,17.0,49.0,9.23076923076923,346.45384615384614,-0.3204017692307692,2.1538461538461537,5.793230769230769,11.740288,67.32444217783129,2.470769230769231,2.07,0.9298035670668104,0.7852180899164767,197.0,114.8,1.71602787456446,0.0701964329331896,1.0,0.02455,20.0,0.0,1.2000000000000002,6.11316,0.0,0.0,25.0,4.6,2.8000000000000003
2.691634811630968,2452.196769498479,1408.0937687258224,36.45881097840663,-0.5608761818181817,0.423195414165965,6.036363636363636,4.390285714285715,32.357142857142854,2.3872727272727268,3.1622776601683795,37.90909090909091,27.46361228971892,105.0,1.1605942091736228,1942.857142857143,3.7857142857142856,3.0876614513210936,90.42857142857144,3.236595173928571,3.52,15.336363636363636,96.0286699262356,0.8428002402099558,35.07513800575058,0.3494281384048587,0.0,1.5714285714285714,27.0,120.0,10.642857142857142,352.9214285714285,-0.230204357142857,2.0,6.075642857142857,11.335307272727274,67.33581161615884,2.4385714285714286,2.07,0.912263794368172,0.8195418455099115,197.0,119.8181818181818,1.6441578148710168,0.087736205631828,1.0,0.02455,20.0,0.0,2.0,6.11316,0.0,0.0,25.0,4.454545454545454,2.5454545454545454
0.8,1372.6592299125082,756.3194626611165,41.182520563948,0.079,0.8283531951513585,14.6,5.904000000000001,16.8,1.54,3.2,22.0,35.204545161101,68.7985796885917,1.505291998251502,1360.0,2.8,1.926638355259929,89.0,3.1762870428000003,3.88,10.6,82.15971934359035,1.0913917720049018,35.902089075707,0.3343075261185155,0.0,0.4,4.0,46.60000000000002,4.8,346.32,0.9020681,1.6,2.1054000000000004,6.828119999999998,13.99078328129213,2.5620000000000003,3.29,0.8711007382063196,1.0054621883076835,215.0,147.0,1.4625850340136055,0.1288992617936804,0.95,0.048,38.0,0.0,2.0,5.69485,0.0,0.0,27.6,8.0,8.0
0.8,1396.8016268117674,752.0965427390289,42.51305681787655,0.079,0.9287532170410508,14.6,5.692,20.4,1.54,3.2,22.0,35.539274049985885,75.7985796885917,1.5398233664937029,1120.0,2.8,1.851027323988916,89.8,3.2282759586,3.88,10.6,69.58362451031337,1.1092339699089635,39.193877072828606,0.3687216896792682,0.0,0.4,4.0,52.80000000000001,4.8,347.56,0.9213921,1.6,2.2974,6.828119999999998,32.73879766229261,2.55,3.27,0.887982469076002,1.0054621883076835,222.0,147.0,1.510204081632653,0.112017530923998,0.89,0.14462,56.0,0.0,2.0,5.211664,0.0,0.0,39.7,8.0,8.0
0.8,1385.0141382180905,754.2215653241427,41.85498775534405,0.0686666666666666,0.8803700863172815,18.93333333333333,5.798,18.6,1.3433333333333333,3.2,27.33333333333333,35.372446904335014,75.7985796885917,1.5263407221194094,1240.0,2.8,1.889364485652812,89.4,3.2022815007000007,3.88,18.3,75.87167192695186,1.1003653938578766,37.597340331464935,0.3521042647138886,0.0,0.4,4.0,52.80000000000001,4.8,346.94,0.9117301,1.6,2.2014000000000005,6.450363333333332,25.948506410046107,2.556,3.27,0.8242609237152436,1.1604994418335848,222.0,169.66666666666666,1.3084479371316309,0.1757390762847563,0.89,0.14462,56.0,0.0,1.3333333333333333,5.211664,0.0,0.0,39.7,5.333333333333333,5.333333333333333
3.3872702874143363,1612.4898907788538,678.7741575398993,33.75793832567386,1.1797,0.614523618835585,6.619999999999999,5.5574,21.86,1.907,3.5261310242247097,28.3,27.07563480326916,63.0,1.560040781518227,2436.0,3.34,0.3951804095193792,83.03999999999999,2.9699352182200007,3.31,6.749999999999999,84.86362451031337,0.98241378247661,35.922923043649995,0.3832532542576869,0.2374868417407583,1.92,8.0,68.80000000000001,6.26,341.086,1.2066081,2.08,3.70328,7.665774000000001,46.28437001123986,2.6654,3.7,0.8681199366342522,0.8563528297695372,187.0,125.2,1.4936102236421729,0.1318800633657477,1.1,0.47,57.0,1.0,8.6,5.5769,9.0,9.0,31.1,1.7,1.4
3.3872702874143363,1612.4898907788538,678.7741575398993,33.75793832567386,1.1797,0.614523618835585,6.619999999999999,5.5574,21.86,1.907,3.5261310242247097,28.3,27.07563480326916,63.0,1.560040781518227,2436.0,3.34,0.3951804095193792,83.03999999999999,2.9699352182200007,3.31,6.749999999999999,84.86362451031337,0.98241378247661,35.922923043649995,0.3832532542576869,0.2374868417407583,1.92,8.0,68.80000000000001,6.26,341.086,1.2066081,2.08,3.70328,7.665774000000001,46.28437001123986,2.6654,2.7,0.8681199366342522,0.8563528297695372,187.0,125.2,1.4936102236421729,0.1318800633657477,1.1,0.47,57.0,1.0,8.6,5.5769,9.0,9.0,31.1,1.7,1.4
3.3872702874143363,1612.4898907788538,678.7741575398993,33.75793832567386,1.1797,0.614523618835585,6.619999999999999,5.5574,21.86,1.907,3.5261310242247097,28.3,27.07563480326916,63.0,1.560040781518227,2436.0,3.34,0.3951804095193792,83.03999999999999,2.9699352182200007,3.31,6.749999999999999,84.86362451031337,0.98241378247661,35.922923043649995,0.3832532542576869,0.2374868417407583,1.92,8.0,68.80000000000001,6.26,341.086,1.2066081,2.08,3.70328,7.665774000000001,46.28437001123986,2.6654,2.8,0.8681199366342522,0.8563528297695372,187.0,125.2,1.4936102236421729,0.1318800633657477,1.1,0.47,57.0,1.0,8.6,5.5769,9.0,9.0,31.1,1.7,1.4
3.3872702874143363,1612.4898907788538,678.7741575398993,33.75793832567386,1.1797,0.614523618835585,6.619999999999999,5.5574,21.86,1.907,3.5261310242247097,28.3,27.07563480326916,63.0,1.560040781518227,2436.0,3.34,0.3951804095193792,83.03999999999999,2.9699352182200007,3.31,6.749999999999999,84.86362451031337,0.98241378247661,35.922923043649995,0.3832532542576869,0.2374868417407583,1.92,8.0,68.80000000000001,6.26,341.086,1.2066081,2.08,3.70328,7.665774000000001,46.28437001123986,2.6654,2.8,0.8681199366342522,0.8563528297695372,187.0,125.2,1.4936102236421729,0.1318800633657477,1.1,0.47,57.0,1.0,8.6,5.5769,9.0,9.0,31.1,1.7,1.4
2.718042512920064,1696.4636329200837,671.8828080514503,36.25983328979991,1.156,0.6972424097037353,6.8,5.477142857142858,24.857142857142858,1.91,3.943478211954932,28.0,29.94143944299217,63.0,1.5637565967494913,3142.8571428571427,4.0,0.2669738536842893,86.71428571428571,3.0936507342857142,3.31,6.6,77.20345191458416,1.0544424970532231,38.13830898512542,0.4032012675579114,0.0,1.4285714285714286,7.0,68.80000000000001,5.714285714285714,341.11428571428576,1.134350571428571,2.857142857142857,3.685428571428572,7.6398,46.925331116988254,2.552857142857143,2.2,0.8719753713050267,0.8481449751711072,187.0,124.0,1.5080645161290325,0.1280246286949733,1.1,0.47,57.0,1.0,8.0,5.5769,9.0,9.0,31.1,2.0,2.0
2.1178307535286467,2175.817193144279,1518.1223683626683,28.972543623639066,-0.082205375,0.6215409666539076,2.02625,4.490461538461538,16.307692307692307,2.715,3.225270045113328,9.25,24.30623169905784,96.0,1.2954269041151358,2169.230769230769,3.8461538461538463,1.886431360039993,76.23076923076923,2.932112803384616,3.31,11.4625,60.98289646633869,0.7775656139668655,31.169132052391326,0.2803851764416496,0.0,0.7692307692307693,7.0,101.70000000000005,5.076923076923077,358.2384615384616,0.3588998076923077,1.5384615384615383,2.663923076923077,12.4446375,38.65869383125454,2.633846153846154,2.2,0.9742896723186156,0.6540634133123961,187.0,95.625,1.9555555555555555,0.0257103276813843,1.1,0.47,57.0,1.0,1.0,5.5769,9.0,9.0,31.1,3.25,0.25
2.1178307535286467,2175.817193144279,1518.1223683626683,28.972543623639066,-0.082205375,0.6215409666539076,2.02625,4.490461538461538,16.307692307692307,2.715,3.225270045113328,9.25,24.30623169905784,96.0,1.2954269041151358,2169.230769230769,3.8461538461538463,1.886431360039993,76.23076923076923,2.932112803384616,3.31,11.4625,60.98289646633869,0.7775656139668655,31.169132052391326,0.2803851764416496,0.0,0.7692307692307693,7.0,101.70000000000005,5.076923076923077,358.2384615384616,0.3588998076923077,1.5384615384615383,2.663923076923077,12.4446375,38.65869383125454,2.633846153846154,2.2,0.9742896723186156,0.6540634133123961,187.0,95.625,1.9555555555555555,0.0257103276813843,1.1,0.47,57.0,1.0,1.0,5.5769,9.0,9.0,31.1,3.25,0.25
0.8,1372.6592299125082,756.3194626611165,41.182520563948,0.079,0.8283531951513585,14.6,5.904000000000001,16.8,1.54,3.2,22.0,35.204545161101,68.7985796885917,1.505291998251502,1360.0,2.8,1.926638355259929,89.0,3.1762870428000003,3.88,10.6,82.15971934359035,1.0913917720049018,35.902089075707,0.3343075261185155,0.0,0.4,4.0,46.60000000000002,4.8,346.32,0.9020681,1.6,2.1054000000000004,6.828119999999998,13.99078328129213,2.5620000000000003,3.3,0.8711007382063196,1.0054621883076835,215.0,147.0,1.4625850340136055,0.1288992617936804,0.95,0.048,38.0,0.0,2.0,5.69485,0.0,0.0,27.6,8.0,8.0
0.8856494791959176,1385.1160333574942,767.5870914593339,41.04207475262428,0.1103453809523809,0.8200707636672365,15.050000000000002,5.900399999999999,16.724999999999998,1.518571428571429,3.159806164941134,22.404761904761912,35.16486172303255,85.0,1.5029959547517082,1403.9999999999998,2.785,1.9647762212496405,88.90999999999998,3.169326994839999,3.95,11.443571428571431,82.15491460192648,1.089861202172093,35.827796122563825,0.3325160079056392,0.0994987437106619,0.4249999999999999,4.0,61.80000000000001,4.814999999999999,345.9969999999999,0.90896063,1.5749999999999995,2.1288499999999995,6.790958095238095,17.27389113193497,2.5634,2.2,0.8653385881625223,1.018816237455923,215.0,148.952380952381,1.443414322250639,0.1346614118374777,0.95,0.048,38.0,0.0,2.023809523809524,5.69485,0.0,0.0,27.6,7.547619047619049,7.500000000000002
0.9630680142129112,1397.4424532924425,778.6496035444957,40.90094864425519,0.1388411818181818,0.8116441427071681,15.459090909090907,5.896800000000002,16.650000000000002,1.499090909090909,3.11889403475014,22.77272727272727,35.12506227752486,85.0,1.5006877623276604,1448.0000000000002,2.7700000000000005,2.001925873550739,88.82000000000002,3.1623669468800006,3.95,12.210454545454544,82.15010986026266,1.0883266788974717,35.75329215610781,0.3307018282494435,0.14,0.45,4.0,61.80000000000001,4.830000000000001,345.6740000000001,0.9158531600000002,1.5500000000000005,2.1523,6.757174545454544,20.02579752920505,2.5648000000000004,2.3,0.8601660252589233,1.0309562821361404,215.0,150.72727272727272,1.4264173703256935,0.1398339747410767,0.95,0.048,38.0,0.0,2.0454545454545454,5.69485,0.0,0.0,27.6,7.136363636363636,7.045454545454545
1.0341058939973218,1409.64191008355,789.5156211089176,40.75913517237577,0.1648590869565217,0.8030687933326333,15.832608695652176,5.893199999999999,16.574999999999996,1.481304347826087,3.0772349601549767,23.10869565217392,35.085146429792765,85.0,1.4983673648341382,1491.9999999999998,2.7549999999999994,2.038141350046727,88.72999999999998,3.1554068989199995,3.95,12.910652173913045,82.1453051185988,1.0867881854344938,35.678575854425574,0.3288646121149942,0.1705872210923197,0.4749999999999999,4.0,61.80000000000001,4.845,345.35099999999994,0.9227456899999998,1.5249999999999997,2.17575,6.726328695652173,22.44276659310085,2.5662,2.3,0.8554969632568062,1.042040670757209,215.0,152.34782608695653,1.4112442922374429,0.1445030367431937,0.95,0.048,38.0,0.0,2.065217391304348,5.69485,0.0,0.0,27.6,6.760869565217392,6.630434782608696
2.727636339397171,1649.8262477800504,721.8855488233575,33.356258783023016,0.66225646,0.6162300634527129,7.5,5.35,21.6,1.88,3.49857113690718,27.0,27.52453451014204,62.0,1.8545511586365044,2820.0,3.6,0.9147571543102216,82.6,2.9647088270000004,4.32,6.7,87.26362451031336,0.9866306299725344,34.4,0.3777261198229775,0.0,1.6,6.0,65.0,6.0,337.88,1.103119392,2.4,3.6994,7.881010000000002,49.97136689833345,2.66,1.7,0.8687601397243668,0.8549848540031323,187.0,125.0,1.496,0.1312398602756331,1.1,0.47,57.0,1.0,7.0,5.5769,9.0,9.0,31.1,3.0,3.0
1.9293061504650373,2212.229004010529,1581.2085708301313,23.7480993391518,-0.1439233174999999,0.5241601263246667,2.11375,4.468,12.833333333333334,2.71125,2.549509756796392,9.125,19.91840996554584,96.0,1.4213196919295346,1733.3333333333333,3.5,1.8093427409220448,71.16666666666667,2.8263624355,4.32,11.475,63.73147117186691,0.6685239753034707,24.86575065336969,0.2454412861372198,0.0,0.6666666666666666,6.0,97.90000000000003,5.166666666666667,359.05833333333334,0.3084961633333333,1.0,2.37325,12.474788750000002,38.99775901611865,2.7591666666666668,1.7,0.9737863224772176,0.6549183981663993,187.0,95.75,1.9530026109660568,0.0262136775227824,1.1,0.47,57.0,1.0,0.875,5.5769,9.0,9.0,31.1,3.375,0.375
3.101822331331685,2131.2259879492035,1519.1761100734016,29.10865179748893,0.0167348288888889,0.5131633381604467,2.6322222222222225,4.438923076923077,15.461538461538462,2.6244444444444444,2.4639411350841485,13.333333333333332,19.824078360424146,96.0,1.3692695672981978,1692.3076923076924,3.3076923076923075,2.106389917175023,76.38461538461539,2.8548330563076925,4.32,11.344444444444443,66.52135800480022,0.6792373028695254,30.50191574156164,0.2738628883230811,0.2664693550105965,1.3846153846153846,8.0,97.90000000000003,5.615384615384615,355.65384615384613,0.3849195353846154,0.9230769230769232,2.9983846153846154,11.930504444444445,38.69418917981276,2.6953846153846155,1.7,0.9526770942336976,0.6915877485714225,187.0,101.1111111111111,1.849450549450549,0.0473229057663022,1.1,0.47,57.0,1.0,1.8888888888888888,5.5769,9.0,9.0,31.1,3.111111111111111,0.3333333333333333
2.33238075793812,1625.4060784505514,734.614365228451,34.1666504065002,0.151,0.613307478536695,8.4,5.422000000000001,21.4,1.83,3.555277766926236,26.0,27.89695323866031,61.0,1.7467501252325703,2680.0,3.8,1.3959689278126368,83.8,2.9732121532000004,3.96,7.1,85.26362451031336,0.9947059867116512,35.077058029430006,0.3799724251883928,0.0,1.4,5.0,61.0,5.8,338.68,1.0008681,2.6,3.4942,7.9024,46.28382015055704,2.65,2.6,0.8655685320585051,0.8618247328351574,187.0,126.0,1.4841269841269842,0.1344314679414948,1.1,0.47,57.0,1.0,6.0,5.5769,9.0,9.0,31.1,4.0,4.0
2.8859814429217816,353.0748488477888,267.9906751279894,13.646977687385585,0.6174999999999999,0.6645837575351856,11.941698249999998,3.506,46.86666666666667,1.715,2.8859814429217816,29.0,14.461289323185843,61.0,0.3850679593699446,7080.0,7.133333333333333,1.5654536475849568,129.4,3.7245482842,0.8799999999999999,11.4,73.33333333333333,0.3510973274368993,16.284416545342427,0.1113061044547372,0.2494438257849294,2.9333333333333336,8.0,61.0,4.866666666666666,335.75333333333333,0.4359333333333333,7.066666666666666,6.797066666666667,7.417535,64.48427887649999,1.348,2.4,,,,,,,,,,,,,,,,,
2.8859814429217816,353.0748488477888,267.9906751279894,13.646977687385585,0.6174999999999999,0.6645837575351856,11.941698249999998,3.506,46.86666666666667,1.715,2.8859814429217816,29.0,14.461289323185843,61.0,0.3850679593699446,7080.0,7.133333333333333,1.5654536475849568,129.4,3.7245482842,0.8799999999999999,11.4,73.33333333333333,0.3510973274368993,16.284416545342427,0.1113061044547372,0.2494438257849294,2.9333333333333336,8.0,61.0,4.866666666666666,335.75333333333333,0.4359333333333333,7.066666666666666,6.797066666666667,7.417535,64.48427887649999,1.348,2.2,,,,,,,,,,,,,,,,,
2.8859814429217816,353.0748488477888,267.9906751279894,13.646977687385585,0.6174999999999999,0.6645837575351856,11.941698249999998,3.506,46.86666666666667,1.715,2.8859814429217816,29.0,14.461289323185843,61.0,0.3850679593699446,7080.0,7.133333333333333,1.5654536475849568,129.4,3.7245482842,0.8799999999999999,11.4,73.33333333333333,0.3510973274368993,16.284416545342427,0.1113061044547372,0.2494438257849294,2.9333333333333336,8.0,61.0,4.866666666666666,335.75333333333333,0.4359333333333333,7.066666666666666,6.797066666666667,7.417535,64.48427887649999,1.348,2.2,,,,,,,,,,,,,,,,,
2.8859814429217816,353.0748488477888,267.9906751279894,13.646977687385585,0.6174999999999999,0.6645837575351856,11.941698249999998,3.506,46.86666666666667,1.715,2.8859814429217816,29.0,14.461289323185843,61.0,0.3850679593699446,7080.0,7.133333333333333,1.5654536475849568,129.4,3.7245482842,0.8799999999999999,11.4,73.33333333333333,0.3510973274368993,16.284416545342427,0.1113061044547372,0.2494438257849294,2.9333333333333336,8.0,61.0,4.866666666666666,335.75333333333333,0.4359333333333333,7.066666666666666,6.797066666666667,7.417535,64.48427887649999,1.348,2.2,,,,,,,,,,,,,,,,,
2.8859814429217816,353.0748488477888,267.9906751279894,13.646977687385585,0.6174999999999999,0.6645837575351856,11.941698249999998,3.506,46.86666666666667,1.715,2.8859814429217816,29.0,14.461289323185843,61.0,0.3850679593699446,7080.0,7.133333333333333,1.5654536475849568,129.4,3.7245482842,0.8799999999999999,11.4,73.33333333333333,0.3510973274368993,16.284416545342427,0.1113061044547372,0.2494438257849294,2.9333333333333336,8.0,61.0,4.866666666666666,335.75333333333333,0.4359333333333333,7.066666666666666,6.797066666666667,7.417535,64.48427887649999,1.348,2.3,,,,,,,,,,,,,,,,,
2.8859814429217816,353.0748488477888,267.9906751279894,13.646977687385585,0.6174999999999999,0.6645837575351856,11.941698249999998,3.506,46.86666666666667,1.715,2.8859814429217816,29.0,14.461289323185843,61.0,0.3850679593699446,7080.0,7.133333333333333,1.5654536475849568,129.4,3.7245482842,0.8799999999999999,11.4,73.33333333333333,0.3510973274368993,16.284416545342427,0.1113061044547372,0.2494438257849294,2.9333333333333336,8.0,61.0,4.866666666666666,335.75333333333333,0.4359333333333333,7.066666666666666,6.797066666666667,7.417535,64.48427887649999,1.348,2.5,,,,,,,,,,,,,,,,,
3.4106675389466634,1677.070787166525,592.7077884159947,37.36199094463435,1.235,0.6929370194348193,6.2,5.49,25.0,1.9,4.06578556307363,29.0,29.760266621583803,59.0,1.547901805671148,3228.5714285714284,3.857142857142857,0.4034295944993822,88.71428571428571,3.102922526714285,3.22,7.1,71.48916620029844,1.0553188898070922,39.85842291851272,0.4096861527839184,0.3499271061118826,1.7142857142857142,8.0,2.6999999999999886,5.857142857142857,350.5571428571429,1.1456362857142857,2.571428571428572,3.693714285714286,7.726380000000002,34.97266611771502,2.551428571428571,1.8,0.8592551546071739,0.8755044904992074,187.0,128.0,1.4609375,0.140744845392826,1.1,0.47,57.0,1.0,10.0,5.5769,9.0,9.0,31.1,1.0,0.0
0.8,1396.8016268117674,752.0965427390289,42.51305681787655,0.079,0.9287532170410508,14.6,5.692,20.4,1.54,3.2,22.0,35.539274049985885,75.7985796885917,1.5398233664937029,1120.0,2.8,1.851027323988916,89.8,3.2282759586,3.88,10.6,69.58362451031337,1.1092339699089635,39.193877072828606,0.3687216896792682,0.0,0.4,4.0,52.80000000000001,4.8,347.56,0.9213921,1.6,2.2974,6.828119999999998,32.73879766229261,2.55,2.97,0.887982469076002,1.0054621883076835,222.0,147.0,1.510204081632653,0.112017530923998,0.89,0.14462,56.0,0.0,2.0,5.211664,0.0,0.0,39.7,8.0,8.0
0.8026200844733454,1402.1178560149644,755.6063640176676,42.5197662152557,0.080215,0.928756703813138,14.5925,5.69236,20.451,1.5398,3.198155562195185,22.255,35.53865218322158,75.7985796885917,1.5392242300587655,1121.2,2.7990000000000004,1.862043538321161,89.809,3.228365408098,3.88,10.6015,69.67362451031337,1.1092711113158946,39.20237848651533,0.3691979698335824,0.0,0.4009999999999999,17.0,53.30000000000001,4.815,347.5595,0.9216351,1.599,2.309514,6.831727249999998,32.97265109087651,2.54996,2.96,0.8879521843596655,1.0055305870960036,222.0,147.01,1.5101013536494117,0.1120478156403345,0.89,0.14462,56.0,0.0,2.005,5.211664,0.0,0.0,39.7,7.995,7.995
0.8065319274523483,1410.048540646385,760.8363395632467,42.529824755693504,0.0820375,0.928761917793744,14.58125,5.6929,20.5275,1.5395,3.1953863224968586,22.637500000000003,35.537719309910706,75.7985796885917,1.5383249299156534,1123.0,2.7975000000000003,1.8784301446547425,89.8225,3.2284995823450005,3.88,10.60375,69.80862451031336,1.1093268183903244,39.215121365998606,0.3699104967143339,0.0,0.4025,17.0,53.30000000000001,4.8375,347.55875000000003,0.9219996,1.5975,2.327685,6.837138124999998,33.319898204269705,2.5499,2.96,0.8879067611581979,1.005633185278484,222.0,147.025,1.5099472878762117,0.1120932388418021,0.89,0.14462,56.0,0.0,2.0125,5.211664,0.0,0.0,39.7,7.987500000000001,7.987500000000001
0.8104221122353462,1417.927615255447,766.0253663058423,42.53987663357758,0.08386,0.9287671123616104,14.57,5.69344,20.604000000000003,1.5392,3.19261397603907,23.02,35.53678634879637,75.7985796885917,1.5374249140689766,1124.8,2.7960000000000003,1.894655301044096,89.83599999999998,3.228633756592,3.88,10.606,69.94362451031337,1.1093825194224036,39.22785316583104,0.3706207632191587,0.0,0.404,17.0,53.30000000000001,4.86,347.558,0.9223641,1.596,2.3458560000000004,6.842548999999998,33.66302218644533,2.54984,2.97,0.8878613426037412,1.0057357834609646,222.0,147.04,1.5097932535364529,0.1121386573962588,0.89,0.14462,56.0,0.0,2.02,5.211664,0.0,0.0,39.7,7.979999999999999,7.979999999999999
1.939071942966532,1610.101809409579,841.160889247711,34.46969683649684,0.6659999999999999,0.6110223292473586,11.6,5.424,21.0,1.66,3.655133376499413,24.0,28.46471499945152,57.0,1.7438302669698105,2820.0,4.2,1.883655705680265,84.2,2.9810435332000003,3.95,7.23,83.26362451031336,1.0246091937904909,35.204545161101,0.3724484235775206,0.4,1.2,3.0,49.89999999999998,5.4,340.9,1.1038681,2.8,3.3554000000000004,6.76651,42.65262601259578,2.616,2.6,0.8530332086545543,0.8891842481632576,187.0,130.0,1.4384615384615385,0.1469667913454456,1.1,0.47,57.0,1.0,5.0,5.5769,9.0,9.0,31.1,6.0,5.0
3.878143885933064,1408.5957290379663,728.0637035314973,34.27885645700568,0.079,0.4788999940641561,14.6,5.678,25.6,1.54,3.2,22.0,19.5386795869117,28.7985796885917,1.546174634379959,1060.0,3.6,1.3905301235925456,84.6,2.9886692718,3.88,10.6,76.86362451031337,0.7784702948732212,35.2613102422471,0.379513217956799,0.0,2.4,24.0,112.2,10.0,359.44,0.963816732,1.6,3.8674,6.828119999999998,20.25983463659992,2.838,2.8,0.7746337046652771,1.0054621883076835,175.0,147.0,1.1904761904761905,0.2253662953347228,2.33,0.35674316,82.0,10.0,2.0,7.41663,4.0,0.0,6.98,8.0,8.0
3.1240998703626617,1516.7164937007838,790.6078232758641,34.3749909090897,0.3672477199999999,0.5489638271772166,11.06,5.551000000000001,23.3,1.8433333333333333,3.487119154832538,42.66666666666666,24.788908810191707,57.0,1.6528548030604504,1940.0,3.9,1.6830374904491932,84.4,2.9848564025000006,3.95,12.043333333333331,80.06362451031336,0.9166466058410953,35.234216324476414,0.3759975337879925,0.3,1.8,25.0,127.39999999999998,7.7,350.17,1.0338424160000002,2.2,3.6114000000000006,7.003753333333332,33.5424164698426,2.727,2.6,0.7936487421114637,1.0305417440251088,187.0,150.66666666666666,1.241150442477876,0.2063512578885362,1.1,0.47,57.0,1.0,5.666666666666666,5.5769,9.0,9.0,31.1,6.0,4.333333333333333
3.1240998703626617,1516.7164937007838,790.6078232758641,34.3749909090897,0.3672477199999999,0.5489638271772166,11.06,5.551000000000001,23.3,1.8433333333333333,3.487119154832538,42.66666666666666,24.788908810191707,57.0,1.6528548030604504,1940.0,3.9,1.6830374904491932,84.4,2.9848564025000006,3.95,12.043333333333331,80.06362451031336,0.9166466058410953,35.234216324476414,0.3759975337879925,0.3,1.8,25.0,127.39999999999998,7.7,350.17,1.0338424160000002,2.2,3.6114000000000006,7.003753333333332,33.5424164698426,2.727,2.6,0.7936487421114637,1.0305417440251088,187.0,150.66666666666666,1.241150442477876,0.2063512578885362,1.1,0.47,57.0,1.0,5.666666666666666,5.5769,9.0,9.0,31.1,6.0,4.333333333333333
3.1240998703626617,1516.7164937007838,790.6078232758641,34.3749909090897,0.3672477199999999,0.5489638271772166,11.06,5.551000000000001,23.3,1.8433333333333333,3.487119154832538,42.66666666666666,24.788908810191707,57.0,1.6528548030604504,1940.0,3.9,1.6830374904491932,84.4,2.9848564025000006,3.95,12.043333333333331,80.06362451031336,0.9166466058410953,35.234216324476414,0.3759975337879925,0.3,1.8,25.0,127.39999999999998,7.7,350.17,1.0338424160000002,2.2,3.6114000000000006,7.003753333333332,33.5424164698426,2.727,2.6,0.7936487421114637,1.0305417440251088,187.0,150.66666666666666,1.241150442477876,0.2063512578885362,1.1,0.47,57.0,1.0,5.666666666666666,5.5769,9.0,9.0,31.1,6.0,4.333333333333333
3.1240998703626617,1516.7164937007838,790.6078232758641,34.3749909090897,0.3672477199999999,0.5489638271772166,11.06,5.551000000000001,23.3,1.8433333333333333,3.487119154832538,42.66666666666666,24.788908810191707,57.0,1.6528548030604504,1940.0,3.9,1.6830374904491932,84.4,2.9848564025000006,3.95,12.043333333333331,80.06362451031336,0.9166466058410953,35.234216324476414,0.3759975337879925,0.3,1.8,25.0,127.39999999999998,7.7,350.17,1.0338424160000002,2.2,3.6114000000000006,7.003753333333332,33.5424164698426,2.727,2.6,0.7936487421114637,1.0305417440251088,187.0,150.66666666666666,1.241150442477876,0.2063512578885362,1.1,0.47,57.0,1.0,5.666666666666666,5.5769,9.0,9.0,31.1,6.0,4.333333333333333
3.1240998703626617,1516.7164937007838,790.6078232758641,34.3749909090897,0.3672477199999999,0.5489638271772166,11.06,5.551000000000001,23.3,1.8433333333333333,3.487119154832538,42.66666666666666,24.788908810191707,57.0,1.6528548030604504,1940.0,3.9,1.6830374904491932,84.4,2.9848564025000006,3.95,12.043333333333331,80.06362451031336,0.9166466058410953,35.234216324476414,0.3759975337879925,0.3,1.8,25.0,127.39999999999998,7.7,350.17,1.0338424160000002,2.2,3.6114000000000006,7.003753333333332,33.5424164698426,2.727,2.6,0.7936487421114637,1.0305417440251088,187.0,150.66666666666666,1.241150442477876,0.2063512578885362,1.1,0.47,57.0,1.0,5.666666666666666,5.5769,9.0,9.0,31.1,6.0,4.333333333333333
4.0,1039.257300510321,416.156384067336,40.28697059844535,1.112067,0.7413873078906856,6.28,6.378,18.8,1.96,0.0,50.0,32.9460164511584,50.7985796885917,0.5587629193137282,1600.0,2.0,1.0883573569896077,89.6,3.2345564494000003,1.25,16.3,60.66362451031337,1.0070471687066105,38.94817068874994,0.3426352544386293,0.0,2.0,12.0,99.3,6.8,365.82,1.1039914999999998,0.0,2.4614000000000003,7.34392,22.93038014592272,2.656,4.3,0.7874073110041029,1.1080603707880594,197.0,162.0,1.2160493827160497,0.2125926889958971,1.0,0.02455,20.0,0.0,10.0,6.11316,0.0,0.0,25.0,4.0,0.0
4.0,1023.6895509205904,390.9098821979306,43.22776885290288,1.112067,0.90094464227002,6.28,6.478,22.4,1.96,0.0,50.0,33.33706645762341,68.7985796885917,0.4388803937293166,1660.0,2.0,1.190596575261121,91.6,3.342895331,1.0099999999999998,16.3,71.75971934359035,1.0235545906301236,40.47715405015526,0.4013612396168655,0.0,2.0,12.0,89.19999999999999,6.8,370.66,1.1086815,0.0,2.6594,7.34392,7.02169346886936,2.646,4.1,0.8287047263388456,1.1080603707880594,215.0,162.0,1.3271604938271604,0.1712952736611543,0.95,0.048,38.0,0.0,10.0,5.69485,0.0,0.0,27.6,4.0,0.0
4.0,1065.544837096966,376.658115537154,44.450421820270726,1.112067,0.9852873703382518,6.28,6.266,26.0,1.96,0.0,50.0,33.72832637413247,75.7985796885917,0.7356249044180058,1420.0,2.0,1.0978777255869612,92.4,3.3948842468,1.8100000000000005,16.3,59.18362451031337,1.043524796063802,43.20185181216194,0.4273877479376773,0.0,2.0,12.0,89.19999999999999,6.8,371.9,1.1280055,0.0,2.8514,7.34392,25.764476749723723,2.6340000000000003,3.12,0.8447648323023568,1.1080603707880594,222.0,162.0,1.3703703703703705,0.1552351676976432,0.89,0.14462,56.0,0.0,10.0,5.211664,0.0,0.0,39.7,4.0,0.0
0.8,1372.6592299125082,756.3194626611165,41.182520563948,0.079,0.8283531951513585,14.6,5.904000000000001,16.8,1.54,3.2,22.0,35.204545161101,68.7985796885917,1.505291998251502,1360.0,2.8,1.926638355259929,89.0,3.1762870428000003,3.88,10.6,82.15971934359035,1.0913917720049018,35.902089075707,0.3343075261185155,0.0,0.4,4.0,46.60000000000002,4.8,346.32,0.9020681,1.6,2.1054000000000004,6.828119999999998,13.99078328129213,2.5620000000000003,3.29,0.8711007382063196,1.0054621883076835,215.0,147.0,1.4625850340136055,0.1288992617936804,0.95,0.048,38.0,0.0,2.0,5.69485,0.0,0.0,27.6,8.0,8.0
0.5527707983925666,2168.0777375789403,1587.4842012407207,29.63059604905413,-0.216830375,0.661585852722009,3.00125,4.698833333333334,10.833333333333334,2.66875,2.2110831935702664,8.5,25.702896507765207,124.0,1.4188013622616649,1125.0,3.1666666666666665,2.318131674257213,73.83333333333333,2.914520025416667,3.88,11.9625,61.604844019065645,0.7403133720856925,26.260976541036868,0.2194800394364675,0.0,0.1666666666666666,4.0,67.60000000000002,4.666666666666667,362.575,0.2247247916666666,0.6666666666666666,1.7090833333333333,12.3431775,21.63686084775291,2.7183333333333333,3.29,1.043753539931953,0.6737280649544682,215.0,98.5,2.182741116751269,0.043753539931953,0.95,0.048,38.0,0.0,0.25,5.69485,0.0,0.0,27.6,4.0,1.0
3.452298849598449,1168.5960221625794,645.6812588488002,36.41204106739799,1.4920275424400773,0.7295833613610222,7.75,6.092857142857143,18.571428571428573,1.923333333333333,2.799416848895061,22.666666666666664,30.56141357987225,88.0,2.4626275995118614,1300.0,2.2857142857142856,2.0285364642674355,94.14285714285714,3.233916284714286,7.81,11.766666666666666,69.78551381685024,0.9764053189832466,31.41120802125595,0.3182362950188047,0.0,1.7142857142857142,10.0,127.2,6.0,344.4857142857143,1.2724890181886046,1.1428571428571428,2.8185714285714285,8.860776333333334,28.281674850473934,2.434285714285714,3.34,0.900799533013952,0.939343359598108,215.0,137.33333333333331,1.5655339805825246,0.099200466986048,0.95,0.048,38.0,0.0,4.0,5.69485,0.0,0.0,27.6,3.333333333333333,2.6666666666666665
0.8,1372.6592299125082,756.3194626611165,41.182520563948,0.079,0.8283531951513585,14.6,5.904000000000001,16.8,1.54,3.2,22.0,35.204545161101,68.7985796885917,1.505291998251502,1360.0,2.8,1.926638355259929,89.0,3.1762870428000003,3.88,10.6,82.15971934359035,1.0913917720049018,35.902089075707,0.3343075261185155,0.0,0.4,4.0,46.60000000000002,4.8,346.32,0.9020681,1.6,2.1054000000000004,6.828119999999998,13.99078328129213,2.5620000000000003,3.12,0.8711007382063196,1.0054621883076835,215.0,147.0,1.4625850340136055,0.1288992617936804,0.95,0.048,38.0,0.0,2.0,5.69485,0.0,0.0,27.6,8.0,8.0
0.8,1372.6592299125082,756.3194626611165,41.182520563948,0.079,0.8283531951513585,14.6,5.904000000000001,16.8,1.54,3.2,22.0,35.204545161101,68.7985796885917,1.505291998251502,1360.0,2.8,1.926638355259929,89.0,3.1762870428000003,3.88,10.6,82.15971934359035,1.0913917720049018,35.902089075707,0.3343075261185155,0.0,0.4,4.0,46.60000000000002,4.8,346.32,0.9020681,1.6,2.1054000000000004,6.828119999999998,13.99078328129213,2.5620000000000003,3.11,0.8711007382063196,1.0054621883076835,215.0,147.0,1.4625850340136055,0.1288992617936804,0.95,0.048,38.0,0.0,2.0,5.69485,0.0,0.0,27.6,8.0,8.0
0.8,1372.6592299125082,756.3194626611165,41.182520563948,0.079,0.8283531951513585,14.6,5.904000000000001,16.8,1.54,3.2,22.0,35.204545161101,68.7985796885917,1.505291998251502,1360.0,2.8,1.926638355259929,89.0,3.1762870428000003,3.88,10.6,82.15971934359035,1.0913917720049018,35.902089075707,0.3343075261185155,0.0,0.4,4.0,46.60000000000002,4.8,346.32,0.9020681,1.6,2.1054000000000004,6.828119999999998,13.99078328129213,2.5620000000000003,3.08,0.8711007382063196,1.0054621883076835,215.0,147.0,1.4625850340136055,0.1288992617936804,0.95,0.048,38.0,0.0,2.0,5.69485,0.0,0.0,27.6,8.0,8.0
0.8,1372.6592299125082,756.3194626611165,41.182520563948,0.079,0.8283531951513585,14.6,5.904000000000001,16.8,1.54,3.2,22.0,35.204545161101,68.7985796885917,1.505291998251502,1360.0,2.8,1.926638355259929,89.0,3.1762870428000003,3.88,10.6,82.15971934359035,1.0913917720049018,35.902089075707,0.3343075261185155,0.0,0.4,4.0,46.60000000000002,4.8,346.32,0.9020681,1.6,2.1054000000000004,6.828119999999998,13.99078328129213,2.5620000000000003,3.08,0.8711007382063196,1.0054621883076835,215.0,147.0,1.4625850340136055,0.1288992617936804,0.95,0.048,38.0,0.0,2.0,5.69485,0.0,0.0,27.6,8.0,8.0
0.8,1372.6592299125082,756.3194626611165,41.182520563948,0.079,0.8283531951513585,14.6,5.904000000000001,16.8,1.54,3.2,22.0,35.204545161101,68.7985796885917,1.505291998251502,1360.0,2.8,1.926638355259929,89.0,3.1762870428000003,3.88,10.6,82.15971934359035,1.0913917720049018,35.902089075707,0.3343075261185155,0.0,0.4,4.0,46.60000000000002,4.8,346.32,0.9020681,1.6,2.1054000000000004,6.828119999999998,13.99078328129213,2.5620000000000003,3.06,0.8711007382063196,1.0054621883076835,215.0,147.0,1.4625850340136055,0.1288992617936804,0.95,0.048,38.0,0.0,2.0,5.69485,0.0,0.0,27.6,8.0,8.0
0.8,1372.6592299125082,756.3194626611165,41.182520563948,0.079,0.8283531951513585,14.6,5.904000000000001,16.8,1.54,3.2,22.0,35.204545161101,68.7985796885917,1.505291998251502,1360.0,2.8,1.926638355259929,89.0,3.1762870428000003,3.88,10.6,82.15971934359035,1.0913917720049018,35.902089075707,0.3343075261185155,0.0,0.4,4.0,46.60000000000002,4.8,346.32,0.9020681,1.6,2.1054000000000004,6.828119999999998,13.99078328129213,2.5620000000000003,3.04,0.8711007382063196,1.0054621883076835,215.0,147.0,1.4625850340136055,0.1288992617936804,0.95,0.048,38.0,0.0,2.0,5.69485,0.0,0.0,27.6,8.0,8.0
1.1661903789690602,2353.1626653540125,1249.7166215842692,36.2579646422686,-0.8259999999999998,0.5154317793761144,5.1,4.3936,30.4,2.5266666666666664,3.9698866482558417,29.0,28.96480623101076,95.0,1.2470715456620765,2980.0,4.8,2.6095063885729006,88.4,3.2633924932,3.52,15.166666666666666,83.76716132118807,0.937861397009174,37.44542695710653,0.3641876170225074,0.0,0.8,16.0,49.0,7.6,350.24,-0.1093772999999999,3.2,5.1138,12.205923333333333,60.12138130488718,2.4240000000000004,1.95,0.9160485331609785,0.7592265503547815,187.0,111.0,1.6846846846846846,0.0839514668390216,1.1,0.47,57.0,1.0,1.0,5.5769,9.0,9.0,31.1,4.333333333333333,2.333333333333333
1.2,2361.6429394842908,1250.1472434333484,35.97999444135588,-0.8259999999999998,0.4985726308969626,5.1,4.377599999999999,30.8,2.5266666666666664,2.8,29.0,29.579722784367,90.0,1.2557096161135346,2980.0,5.2,2.64142293539872,88.2,3.25402344,3.52,15.166666666666666,83.96716132118806,0.929429932808278,34.331326802207926,0.3652772278938725,0.0,0.6,14.0,49.0,8.0,351.92,-0.0109772999999999,1.4,5.2384,12.205923333333333,59.936913713329965,2.43,1.97,0.9023023652679236,0.7592265503547815,182.0,111.0,1.6396396396396395,0.0976976347320762,1.13,0.962,59.0,0.0,1.0,5.473,11.0,0.0,28.2,4.333333333333333,2.333333333333333
1.5707069049972038,1885.894535100036,1038.090457006028,40.9974834690332,0.794246,0.5651934605697956,18.50333333333333,5.790952380952381,15.714285714285714,1.3766666666666667,2.356060357495806,31.0,35.10341056231682,51.0,1.4444735563087625,2404.7619047619046,2.6666666666666665,2.6771217050812703,88.33333333333333,3.031955943190476,3.53,15.1,81.71326338365664,1.066005534907542,32.37286028912179,0.3341208583824848,0.4517539514526256,0.7619047619047619,5.0,51.69999999999999,4.9523809523809526,337.7333333333333,1.133764357142857,1.1428571428571428,2.583761904761905,6.218925333333333,49.44302022689209,2.618095238095238,3.3,0.7908285739480959,1.0989405323453594,197.0,160.66666666666666,1.2261410788381744,0.209171426051904,1.0,0.02455,20.0,0.0,2.6666666666666665,6.11316,0.0,0.0,25.0,4.999999999999999,4.0
1.5707069049972038,1885.894535100036,1038.090457006028,40.9974834690332,0.794246,0.5651934605697956,18.50333333333333,5.790952380952381,15.714285714285714,1.3766666666666667,2.356060357495806,31.0,35.10341056231682,51.0,1.4444735563087625,2404.7619047619046,2.6666666666666665,2.6771217050812703,88.33333333333333,3.031955943190476,3.53,15.1,81.71326338365664,1.066005534907542,32.37286028912179,0.3341208583824848,0.4517539514526256,0.7619047619047619,5.0,51.69999999999999,4.9523809523809526,337.7333333333333,1.133764357142857,1.1428571428571428,2.583761904761905,6.218925333333333,49.44302022689209,2.618095238095238,3.3,0.7908285739480959,1.0989405323453594,197.0,160.66666666666666,1.2261410788381744,0.209171426051904,1.0,0.02455,20.0,0.0,2.6666666666666665,6.11316,0.0,0.0,25.0,4.999999999999999,4.0
1.5707069049972038,1885.894535100036,1038.090457006028,40.9974834690332,0.794246,0.5651934605697956,18.50333333333333,5.790952380952381,15.714285714285714,1.3766666666666667,2.356060357495806,31.0,35.10341056231682,51.0,1.4444735563087625,2404.7619047619046,2.6666666666666665,2.6771217050812703,88.33333333333333,3.031955943190476,3.53,15.1,81.71326338365664,1.066005534907542,32.37286028912179,0.3341208583824848,0.4517539514526256,0.7619047619047619,5.0,51.69999999999999,4.9523809523809526,337.7333333333333,1.133764357142857,1.1428571428571428,2.583761904761905,6.218925333333333,49.44302022689209,2.618095238095238,3.3,0.7908285739480959,1.0989405323453594,197.0,160.66666666666666,1.2261410788381744,0.209171426051904,1.0,0.02455,20.0,0.0,2.6666666666666665,6.11316,0.0,0.0,25.0,4.999999999999999,4.0
1.5707069049972038,1885.894535100036,1038.090457006028,40.9974834690332,0.794246,0.5651934605697956,18.50333333333333,5.790952380952381,15.714285714285714,1.3766666666666667,2.356060357495806,31.0,35.10341056231682,51.0,1.4444735563087625,2404.7619047619046,2.6666666666666665,2.6771217050812703,88.33333333333333,3.031955943190476,3.53,15.1,81.71326338365664,1.066005534907542,32.37286028912179,0.3341208583824848,0.4517539514526256,0.7619047619047619,5.0,51.69999999999999,4.9523809523809526,337.7333333333333,1.133764357142857,1.1428571428571428,2.583761904761905,6.218925333333333,49.44302022689209,2.618095238095238,3.3,0.7908285739480959,1.0989405323453594,197.0,160.66666666666666,1.2261410788381744,0.209171426051904,1.0,0.02455,20.0,0.0,2.6666666666666665,6.11316,0.0,0.0,25.0,4.999999999999999,4.0
0.806225774829855,1578.0414907359057,757.4140238891804,39.02627320152413,0.2093333333333333,0.5575900643022949,20.1,5.486,16.0,1.393333333333333,3.827531841800928,33.666666666666664,33.26800264518445,43.7985796885917,1.6820178358150666,1580.0,3.8,1.7245849514030036,87.5,3.030109008,3.88,14.566666666666666,71.09362451031336,1.0730074557056908,32.09144713377112,0.3277864459385049,0.3,0.5,5.0,53.89999999999998,4.8,338.55,0.9942607,2.5,2.3095000000000003,6.411046666666665,30.38656325337549,2.575,3.19,0.7755411134303647,1.096660572734684,190.0,160.33333333333331,1.1850311850311852,0.2244588865696353,0.93,0.547926,11.0,0.0,1.6666666666666663,5.139076,1.0,0.0,24.11,8.333333333333332,8.333333333333332
1.6593974782295042,1558.2287263241612,806.5099712048957,41.02051430776551,0.4286480446927374,0.6440947627426463,20.97709497206704,4.834567307692308,21.471153846153843,1.3820111731843574,3.897261848630387,38.05027932960894,35.15214152522107,60.0,1.6518159602763018,2721.153846153846,4.33173076923077,2.453682271982582,104.7860576923077,3.242738932524039,3.95,14.835307262569833,69.02326590813608,1.0935047778250877,33.386566380795585,0.3906797191608644,0.4625327331292093,1.0600961538461535,5.0,53.89999999999998,4.307692307692308,331.31129807692304,0.852218358173077,3.242788461538462,3.2244543269230768,6.257319329608938,48.046598152170326,2.101947115384615,2.25,0.7775912703339944,1.091132625969137,190.0,159.52513966480447,1.1910348450358956,0.2224087296660055,0.93,0.547926,11.0,0.0,2.463687150837989,5.139076,1.0,0.0,24.11,7.837988826815643,7.5363128491620115
1.5612494995995996,1903.725841152932,1044.858359310717,36.24592798985004,0.8766032500000001,0.5599744208217134,11.941698249999998,5.819374999999999,15.25,1.7500000000000002,2.341874249399399,31.0,30.90509666705477,118.0,1.450264927306387,2614.7226335126647,2.625,2.47761218738944,84.40124578825127,2.94170441425,3.53,11.625000000000002,85.11625300196378,0.9725449861060412,33.40961903202982,0.3242460610574189,0.4330127018922193,0.75,5.0,61.39999999999998,5.0,338.61875000000003,1.1354155,1.125,2.523175,8.46874825,45.07567885526706,2.7125000000000004,3.5,0.8810266846353243,0.8840543390392388,197.0,129.25,1.5241779497098646,0.1189733153646757,1.0,0.02455,20.0,0.0,3.0,6.11316,0.0,0.0,25.0,5.5,4.5
1.5612494995995996,1900.4684085833776,1041.5594237531454,38.48638306433545,0.8766032500000001,0.7209439505315169,11.941698249999998,5.881874999999999,17.5,1.7500000000000002,2.341874249399399,31.0,31.17064925534917,136.0,1.4493758085379376,2652.2226335126647,2.625,2.523865645969535,85.65124578825127,3.00941621525,3.53,11.625000000000002,92.0513122727619,0.9836276925239548,34.66679196526429,0.3719660959527516,0.4330127018922193,0.75,5.0,75.5,5.0,341.64375,1.13834675,1.125,2.646925,8.46874825,37.73197119344486,2.70625,3.26,0.9272341866586156,0.8840543390392388,215.0,129.25,1.6634429400386848,0.0727658133413844,0.95,0.048,38.0,0.0,3.0,5.69485,0.0,0.0,27.6,5.5,4.5
1.5612494995995996,1903.725841152932,1044.858359310717,36.24592798985004,0.8766032500000001,0.5599744208217134,11.941698249999998,5.819374999999999,15.25,1.7500000000000002,2.341874249399399,31.0,30.90509666705477,118.0,1.450264927306387,2614.7226335126647,2.625,2.47761218738944,84.40124578825127,2.94170441425,3.53,11.625000000000002,85.11625300196378,0.9725449861060412,33.40961903202982,0.3242460610574189,0.4330127018922193,0.75,5.0,61.39999999999998,5.0,338.61875000000003,1.1354155,1.125,2.523175,8.46874825,45.07567885526706,2.7125000000000004,3.5,0.8810266846353243,0.8840543390392388,197.0,129.25,1.5241779497098646,0.1189733153646757,1.0,0.02455,20.0,0.0,3.0,6.11316,0.0,0.0,25.0,5.5,4.5
1.5612494995995996,1903.725841152932,1044.858359310717,36.24592798985004,0.8766032500000001,0.5599744208217134,11.941698249999998,5.819374999999999,15.25,1.7500000000000002,2.341874249399399,31.0,30.90509666705477,118.0,1.450264927306387,2614.7226335126647,2.625,2.47761218738944,84.40124578825127,2.94170441425,3.53,11.625000000000002,85.11625300196378,0.9725449861060412,33.40961903202982,0.3242460610574189,0.4330127018922193,0.75,5.0,61.39999999999998,5.0,338.61875000000003,1.1354155,1.125,2.523175,8.46874825,45.07567885526706,2.7125000000000004,3.5,0.8810266846353243,0.8840543390392388,197.0,129.25,1.5241779497098646,0.1189733153646757,1.0,0.02455,20.0,0.0,3.0,6.11316,0.0,0.0,25.0,5.5,4.5
1.5612494995995996,1900.4684085833776,1041.5594237531454,38.48638306433545,0.8766032500000001,0.7209439505315169,11.941698249999998,5.881874999999999,17.5,1.7500000000000002,2.341874249399399,31.0,31.17064925534917,136.0,1.4493758085379376,2652.2226335126647,2.625,2.523865645969535,85.65124578825127,3.00941621525,3.53,11.625000000000002,92.0513122727619,0.9836276925239548,34.66679196526429,0.3719660959527516,0.4330127018922193,0.75,5.0,75.5,5.0,341.64375,1.13834675,1.125,2.646925,8.46874825,37.73197119344486,2.70625,3.26,0.9272341866586156,0.8840543390392388,215.0,129.25,1.6634429400386848,0.0727658133413844,0.95,0.048,38.0,0.0,3.0,5.69485,0.0,0.0,27.6,5.5,4.5
1.5612494995995996,1900.4684085833776,1041.5594237531454,38.48638306433545,0.8766032500000001,0.7209439505315169,11.941698249999998,5.881874999999999,17.5,1.7500000000000002,2.341874249399399,31.0,31.17064925534917,136.0,1.4493758085379376,2652.2226335126647,2.625,2.523865645969535,85.65124578825127,3.00941621525,3.53,11.625000000000002,92.0513122727619,0.9836276925239548,34.66679196526429,0.3719660959527516,0.4330127018922193,0.75,5.0,75.5,5.0,341.64375,1.13834675,1.125,2.646925,8.46874825,37.73197119344486,2.70625,3.26,0.9272341866586156,0.8840543390392388,215.0,129.25,1.6634429400386848,0.0727658133413844,0.95,0.048,38.0,0.0,3.0,5.69485,0.0,0.0,27.6,5.5,4.5
1.5612494995995996,1900.4684085833776,1041.5594237531454,38.48638306433545,0.8766032500000001,0.7209439505315169,11.941698249999998,5.881874999999999,17.5,1.7500000000000002,2.341874249399399,31.0,31.17064925534917,136.0,1.4493758085379376,2652.2226335126647,2.625,2.523865645969535,85.65124578825127,3.00941621525,3.53,11.625000000000002,92.0513122727619,0.9836276925239548,34.66679196526429,0.3719660959527516,0.4330127018922193,0.75,5.0,75.5,5.0,341.64375,1.13834675,1.125,2.646925,8.46874825,37.73197119344486,2.70625,3.26,0.9272341866586156,0.8840543390392388,215.0,129.25,1.6634429400386848,0.0727658133413844,0.95,0.048,38.0,0.0,3.0,5.69485,0.0,0.0,27.6,5.5,4.5
1.5612494995995996,1900.4684085833776,1041.5594237531454,38.48638306433545,0.8766032500000001,0.7209439505315169,11.941698249999998,5.881874999999999,17.5,1.7500000000000002,2.341874249399399,31.0,31.17064925534917,136.0,1.4493758085379376,2652.2226335126647,2.625,2.523865645969535,85.65124578825127,3.00941621525,3.53,11.625000000000002,92.0513122727619,0.9836276925239548,34.66679196526429,0.3719660959527516,0.4330127018922193,0.75,5.0,75.5,5.0,341.64375,1.13834675,1.125,2.646925,8.46874825,37.73197119344486,2.70625,3.26,0.9272341866586156,0.8840543390392388,215.0,129.25,1.6634429400386848,0.0727658133413844,0.95,0.048,38.0,0.0,3.0,5.69485,0.0,0.0,27.6,5.5,4.5
1.49071198499986,1802.257572199957,977.9781828471432,45.21952626416552,-0.2412969999999999,0.9625613125946484,8.4,5.324,25.33333333333333,2.3200000000000003,2.23606797749979,24.0,37.167320622049445,130.0,1.387834944556929,2591.6666666666665,2.5,2.858236051512604,94.83333333333331,3.420777106333333,3.53,14.05,72.00499750066912,1.093057320343062,41.998677227847175,0.3944414876742427,0.372677996249965,0.6666666666666666,4.0,53.80000000000001,4.666666666666667,352.1583333333333,0.5645199583333333,1.0,2.9167500000000004,10.646475,51.15495321732213,2.4291666666666667,1.7,0.9817357721500674,0.8139455810109819,222.0,119.0,1.865546218487395,0.0182642278499326,0.89,0.14462,56.0,0.0,2.0,5.211664,0.0,0.0,39.7,5.0,3.0
1.49071198499986,1802.257572199957,977.9781828471432,45.21952626416552,-0.2412969999999999,0.9625613125946484,8.4,5.324,25.33333333333333,2.3200000000000003,2.23606797749979,24.0,37.167320622049445,130.0,1.387834944556929,2591.6666666666665,2.5,2.858236051512604,94.83333333333331,3.420777106333333,3.53,14.05,72.00499750066912,1.093057320343062,41.998677227847175,0.3944414876742427,0.372677996249965,0.6666666666666666,4.0,53.80000000000001,4.666666666666667,352.1583333333333,0.5645199583333333,1.0,2.9167500000000004,10.646475,51.15495321732213,2.4291666666666667,1.7,0.9817357721500674,0.8139455810109819,222.0,119.0,1.865546218487395,0.0182642278499326,0.89,0.14462,56.0,0.0,2.0,5.211664,0.0,0.0,39.7,5.0,3.0
1.49071198499986,1802.257572199957,977.9781828471432,45.21952626416552,-0.2412969999999999,0.9625613125946484,8.4,5.324,25.33333333333333,2.3200000000000003,2.23606797749979,24.0,37.167320622049445,130.0,1.387834944556929,2591.6666666666665,2.5,2.858236051512604,94.83333333333331,3.420777106333333,3.53,14.05,72.00499750066912,1.093057320343062,41.998677227847175,0.3944414876742427,0.372677996249965,0.6666666666666666,4.0,53.80000000000001,4.666666666666667,352.1583333333333,0.5645199583333333,1.0,2.9167500000000004,10.646475,51.15495321732213,2.4291666666666667,1.7,0.9817357721500674,0.8139455810109819,222.0,119.0,1.865546218487395,0.0182642278499326,0.89,0.14462,56.0,0.0,2.0,5.211664,0.0,0.0,39.7,5.0,3.0
1.49071198499986,1802.257572199957,977.9781828471432,45.21952626416552,-0.2412969999999999,0.9625613125946484,8.4,5.324,25.33333333333333,2.3200000000000003,2.23606797749979,24.0,37.167320622049445,130.0,1.387834944556929,2591.6666666666665,2.5,2.858236051512604,94.83333333333331,3.420777106333333,3.53,14.05,72.00499750066912,1.093057320343062,41.998677227847175,0.3944414876742427,0.372677996249965,0.6666666666666666,4.0,53.80000000000001,4.666666666666667,352.1583333333333,0.5645199583333333,1.0,2.9167500000000004,10.646475,51.15495321732213,2.4291666666666667,1.7,0.9817357721500674,0.8139455810109819,222.0,119.0,1.865546218487395,0.0182642278499326,0.89,0.14462,56.0,0.0,2.0,5.211664,0.0,0.0,39.7,5.0,3.0
1.958137465542385,1847.7355713111644,1009.6166220977344,35.28188964583695,0.846149685,0.6083367125434442,8.553722884999999,5.676774193548388,15.9320882852292,1.8901,2.252632705008079,25.51,26.355836990352937,136.0,1.5287726420618304,2651.5535316163573,2.584040747028862,2.3571215827277348,84.95819015699459,2.874395051117147,3.53,12.846,88.04757335824006,0.8818376927574049,33.25387453397127,0.359079712867024,0.4668158602671483,0.8658743633276739,28.0,148.39999999999998,5.239388794567063,337.593039049236,1.158729477079796,1.0186757215619693,2.4986896434634973,9.831434635,38.07066954281046,2.748845500848896,3.42,0.9685314956488372,0.8037199621571044,215.0,117.505,1.8297093740691883,0.0314685043511628,0.95,0.048,38.0,0.0,2.55,5.69485,0.0,0.0,27.6,4.11,3.0
2.1311187249796344,1932.2785405274,1263.961575414716,29.79692205688968,0.7296134493333333,0.5153419050784267,3.3414961693333334,4.733160667251975,10.609306409130816,2.200693333333333,1.7200460588809097,10.402666666666669,20.95671008983809,136.0,1.4732961533234326,2602.468637219452,2.214223002633889,2.3995883112314926,91.12146656424667,2.6661919308235293,3.53,12.3056,76.30214107643374,0.6990095531746192,30.42279087218745,0.3081198649215912,0.4992824304868457,0.7989464442493415,28.0,153.60000000000002,4.026338893766462,325.57708516242315,0.931055146619842,0.6145741878841089,1.9376718173836696,11.947289302666665,39.87646055197571,2.538691834942932,3.26,1.060065251660085,0.6479736411922831,215.0,94.73466666666664,2.2694965588098697,0.060065251660085,0.95,0.048,38.0,0.0,1.2133333333333334,5.69485,0.0,0.0,27.6,2.429333333333333,0.9333333333333332
2.1311187249796344,1932.2785405274,1263.961575414716,29.79692205688968,0.7296134493333333,0.5153419050784267,3.3414961693333334,4.733160667251975,10.609306409130816,2.200693333333333,1.7200460588809097,10.402666666666669,20.95671008983809,136.0,1.4732961533234326,2602.468637219452,2.214223002633889,2.3995883112314926,91.12146656424667,2.6661919308235293,3.53,12.3056,76.30214107643374,0.6990095531746192,30.42279087218745,0.3081198649215912,0.4992824304868457,0.7989464442493415,28.0,153.60000000000002,4.026338893766462,325.57708516242315,0.931055146619842,0.6145741878841089,1.9376718173836696,11.947289302666665,39.87646055197571,2.538691834942932,3.09,1.060065251660085,0.6479736411922831,215.0,94.73466666666664,2.2694965588098697,0.060065251660085,0.95,0.048,38.0,0.0,1.2133333333333334,5.69485,0.0,0.0,27.6,2.429333333333333,0.9333333333333332
3.278036409022247,2334.808467031019,1753.102183797834,22.977851152652203,0.6174999999999999,0.5431289727080014,11.941698249999998,4.105061224489796,7.918367346938775,1.715,0.0,29.0,5.529896783303088,83.0,1.2669253059851002,2319.459005487005,2.122448979591837,2.973275391928744,95.30772209568347,2.562507084285714,7.49,11.4,43.29022682416658,0.2900823534132434,26.013838251374416,0.244206664678985,0.499895865874118,1.2244897959183674,16.0,154.39999999999998,4.040816326530612,339.2469387755103,1.1160926609248962,0.0,1.425004081632653,7.417535,17.383914448795323,2.403061224489796,2.37,,,,,,,,,,,,,,,,,
3.0832716481254128,2375.9300555591635,1781.5577673323269,22.337203111372887,0.6174999999999999,0.5123788121500662,11.941698249999998,3.9935744680851055,6.893617021276596,1.715,0.0,29.0,4.37067059277081,83.0,0.8786776995996048,2367.0955589119835,2.1702127659574466,2.9574543329435623,94.29954005720192,2.520205127744681,3.1,11.4,44.07491732732261,0.2758878010508503,26.43304501097013,0.2248479610198472,0.4998868138072651,1.0638297872340423,16.0,150.59999999999997,3.8297872340425534,339.0382978723404,1.065127740425532,0.0,1.257557446808511,7.417535,16.954604548871803,2.4144680851063827,2.64,,,,,,,,,,,,,,,,,
